// Source-derived Unicode15 casing facts. Generated by extract_casing15.py.
// JDK21 src.zip SHA256 d887da897fc0065a2532500ee92320ce3bc633ccd6c4e637304045ce5d90de43.
// CCC facts derive from the pinned x/text Unicode15 norm table, not its Go17-selected table.
// Unicode15 norm table SHA256 9e29fbffef687d6d2191c999c466729dff2f394d8dcbec377a2fc14336f33cdb.
package stdjava

var javaCase15Categories = [...]javaCase15Range{
	{0x0, 0x1f, 15},
	{0x20, 0x20, 12},
	{0x21, 0x23, 24},
	{0x24, 0x24, 26},
	{0x25, 0x27, 24},
	{0x28, 0x28, 21},
	{0x29, 0x29, 22},
	{0x2a, 0x2a, 24},
	{0x2b, 0x2b, 25},
	{0x2c, 0x2c, 24},
	{0x2d, 0x2d, 20},
	{0x2e, 0x2f, 24},
	{0x30, 0x39, 9},
	{0x3a, 0x3b, 24},
	{0x3c, 0x3e, 25},
	{0x3f, 0x40, 24},
	{0x41, 0x5a, 1},
	{0x5b, 0x5b, 21},
	{0x5c, 0x5c, 24},
	{0x5d, 0x5d, 22},
	{0x5e, 0x5e, 27},
	{0x5f, 0x5f, 23},
	{0x60, 0x60, 27},
	{0x61, 0x7a, 2},
	{0x7b, 0x7b, 21},
	{0x7c, 0x7c, 25},
	{0x7d, 0x7d, 22},
	{0x7e, 0x7e, 25},
	{0x7f, 0x9f, 15},
	{0xa0, 0xa0, 12},
	{0xa1, 0xa1, 24},
	{0xa2, 0xa5, 26},
	{0xa6, 0xa6, 28},
	{0xa7, 0xa7, 24},
	{0xa8, 0xa8, 27},
	{0xa9, 0xa9, 28},
	{0xaa, 0xaa, 5},
	{0xab, 0xab, 29},
	{0xac, 0xac, 25},
	{0xad, 0xad, 16},
	{0xae, 0xae, 28},
	{0xaf, 0xaf, 27},
	{0xb0, 0xb0, 28},
	{0xb1, 0xb1, 25},
	{0xb2, 0xb3, 11},
	{0xb4, 0xb4, 27},
	{0xb5, 0xb5, 2},
	{0xb6, 0xb7, 24},
	{0xb8, 0xb8, 27},
	{0xb9, 0xb9, 11},
	{0xba, 0xba, 5},
	{0xbb, 0xbb, 30},
	{0xbc, 0xbe, 11},
	{0xbf, 0xbf, 24},
	{0xc0, 0xd6, 1},
	{0xd7, 0xd7, 25},
	{0xd8, 0xde, 1},
	{0xdf, 0xf6, 2},
	{0xf7, 0xf7, 25},
	{0xf8, 0xff, 2},
	{0x100, 0x100, 1},
	{0x101, 0x101, 2},
	{0x102, 0x102, 1},
	{0x103, 0x103, 2},
	{0x104, 0x104, 1},
	{0x105, 0x105, 2},
	{0x106, 0x106, 1},
	{0x107, 0x107, 2},
	{0x108, 0x108, 1},
	{0x109, 0x109, 2},
	{0x10a, 0x10a, 1},
	{0x10b, 0x10b, 2},
	{0x10c, 0x10c, 1},
	{0x10d, 0x10d, 2},
	{0x10e, 0x10e, 1},
	{0x10f, 0x10f, 2},
	{0x110, 0x110, 1},
	{0x111, 0x111, 2},
	{0x112, 0x112, 1},
	{0x113, 0x113, 2},
	{0x114, 0x114, 1},
	{0x115, 0x115, 2},
	{0x116, 0x116, 1},
	{0x117, 0x117, 2},
	{0x118, 0x118, 1},
	{0x119, 0x119, 2},
	{0x11a, 0x11a, 1},
	{0x11b, 0x11b, 2},
	{0x11c, 0x11c, 1},
	{0x11d, 0x11d, 2},
	{0x11e, 0x11e, 1},
	{0x11f, 0x11f, 2},
	{0x120, 0x120, 1},
	{0x121, 0x121, 2},
	{0x122, 0x122, 1},
	{0x123, 0x123, 2},
	{0x124, 0x124, 1},
	{0x125, 0x125, 2},
	{0x126, 0x126, 1},
	{0x127, 0x127, 2},
	{0x128, 0x128, 1},
	{0x129, 0x129, 2},
	{0x12a, 0x12a, 1},
	{0x12b, 0x12b, 2},
	{0x12c, 0x12c, 1},
	{0x12d, 0x12d, 2},
	{0x12e, 0x12e, 1},
	{0x12f, 0x12f, 2},
	{0x130, 0x130, 1},
	{0x131, 0x131, 2},
	{0x132, 0x132, 1},
	{0x133, 0x133, 2},
	{0x134, 0x134, 1},
	{0x135, 0x135, 2},
	{0x136, 0x136, 1},
	{0x137, 0x138, 2},
	{0x139, 0x139, 1},
	{0x13a, 0x13a, 2},
	{0x13b, 0x13b, 1},
	{0x13c, 0x13c, 2},
	{0x13d, 0x13d, 1},
	{0x13e, 0x13e, 2},
	{0x13f, 0x13f, 1},
	{0x140, 0x140, 2},
	{0x141, 0x141, 1},
	{0x142, 0x142, 2},
	{0x143, 0x143, 1},
	{0x144, 0x144, 2},
	{0x145, 0x145, 1},
	{0x146, 0x146, 2},
	{0x147, 0x147, 1},
	{0x148, 0x149, 2},
	{0x14a, 0x14a, 1},
	{0x14b, 0x14b, 2},
	{0x14c, 0x14c, 1},
	{0x14d, 0x14d, 2},
	{0x14e, 0x14e, 1},
	{0x14f, 0x14f, 2},
	{0x150, 0x150, 1},
	{0x151, 0x151, 2},
	{0x152, 0x152, 1},
	{0x153, 0x153, 2},
	{0x154, 0x154, 1},
	{0x155, 0x155, 2},
	{0x156, 0x156, 1},
	{0x157, 0x157, 2},
	{0x158, 0x158, 1},
	{0x159, 0x159, 2},
	{0x15a, 0x15a, 1},
	{0x15b, 0x15b, 2},
	{0x15c, 0x15c, 1},
	{0x15d, 0x15d, 2},
	{0x15e, 0x15e, 1},
	{0x15f, 0x15f, 2},
	{0x160, 0x160, 1},
	{0x161, 0x161, 2},
	{0x162, 0x162, 1},
	{0x163, 0x163, 2},
	{0x164, 0x164, 1},
	{0x165, 0x165, 2},
	{0x166, 0x166, 1},
	{0x167, 0x167, 2},
	{0x168, 0x168, 1},
	{0x169, 0x169, 2},
	{0x16a, 0x16a, 1},
	{0x16b, 0x16b, 2},
	{0x16c, 0x16c, 1},
	{0x16d, 0x16d, 2},
	{0x16e, 0x16e, 1},
	{0x16f, 0x16f, 2},
	{0x170, 0x170, 1},
	{0x171, 0x171, 2},
	{0x172, 0x172, 1},
	{0x173, 0x173, 2},
	{0x174, 0x174, 1},
	{0x175, 0x175, 2},
	{0x176, 0x176, 1},
	{0x177, 0x177, 2},
	{0x178, 0x179, 1},
	{0x17a, 0x17a, 2},
	{0x17b, 0x17b, 1},
	{0x17c, 0x17c, 2},
	{0x17d, 0x17d, 1},
	{0x17e, 0x180, 2},
	{0x181, 0x182, 1},
	{0x183, 0x183, 2},
	{0x184, 0x184, 1},
	{0x185, 0x185, 2},
	{0x186, 0x187, 1},
	{0x188, 0x188, 2},
	{0x189, 0x18b, 1},
	{0x18c, 0x18d, 2},
	{0x18e, 0x191, 1},
	{0x192, 0x192, 2},
	{0x193, 0x194, 1},
	{0x195, 0x195, 2},
	{0x196, 0x198, 1},
	{0x199, 0x19b, 2},
	{0x19c, 0x19d, 1},
	{0x19e, 0x19e, 2},
	{0x19f, 0x1a0, 1},
	{0x1a1, 0x1a1, 2},
	{0x1a2, 0x1a2, 1},
	{0x1a3, 0x1a3, 2},
	{0x1a4, 0x1a4, 1},
	{0x1a5, 0x1a5, 2},
	{0x1a6, 0x1a7, 1},
	{0x1a8, 0x1a8, 2},
	{0x1a9, 0x1a9, 1},
	{0x1aa, 0x1ab, 2},
	{0x1ac, 0x1ac, 1},
	{0x1ad, 0x1ad, 2},
	{0x1ae, 0x1af, 1},
	{0x1b0, 0x1b0, 2},
	{0x1b1, 0x1b3, 1},
	{0x1b4, 0x1b4, 2},
	{0x1b5, 0x1b5, 1},
	{0x1b6, 0x1b6, 2},
	{0x1b7, 0x1b8, 1},
	{0x1b9, 0x1ba, 2},
	{0x1bb, 0x1bb, 5},
	{0x1bc, 0x1bc, 1},
	{0x1bd, 0x1bf, 2},
	{0x1c0, 0x1c3, 5},
	{0x1c4, 0x1c4, 1},
	{0x1c5, 0x1c5, 3},
	{0x1c6, 0x1c6, 2},
	{0x1c7, 0x1c7, 1},
	{0x1c8, 0x1c8, 3},
	{0x1c9, 0x1c9, 2},
	{0x1ca, 0x1ca, 1},
	{0x1cb, 0x1cb, 3},
	{0x1cc, 0x1cc, 2},
	{0x1cd, 0x1cd, 1},
	{0x1ce, 0x1ce, 2},
	{0x1cf, 0x1cf, 1},
	{0x1d0, 0x1d0, 2},
	{0x1d1, 0x1d1, 1},
	{0x1d2, 0x1d2, 2},
	{0x1d3, 0x1d3, 1},
	{0x1d4, 0x1d4, 2},
	{0x1d5, 0x1d5, 1},
	{0x1d6, 0x1d6, 2},
	{0x1d7, 0x1d7, 1},
	{0x1d8, 0x1d8, 2},
	{0x1d9, 0x1d9, 1},
	{0x1da, 0x1da, 2},
	{0x1db, 0x1db, 1},
	{0x1dc, 0x1dd, 2},
	{0x1de, 0x1de, 1},
	{0x1df, 0x1df, 2},
	{0x1e0, 0x1e0, 1},
	{0x1e1, 0x1e1, 2},
	{0x1e2, 0x1e2, 1},
	{0x1e3, 0x1e3, 2},
	{0x1e4, 0x1e4, 1},
	{0x1e5, 0x1e5, 2},
	{0x1e6, 0x1e6, 1},
	{0x1e7, 0x1e7, 2},
	{0x1e8, 0x1e8, 1},
	{0x1e9, 0x1e9, 2},
	{0x1ea, 0x1ea, 1},
	{0x1eb, 0x1eb, 2},
	{0x1ec, 0x1ec, 1},
	{0x1ed, 0x1ed, 2},
	{0x1ee, 0x1ee, 1},
	{0x1ef, 0x1f0, 2},
	{0x1f1, 0x1f1, 1},
	{0x1f2, 0x1f2, 3},
	{0x1f3, 0x1f3, 2},
	{0x1f4, 0x1f4, 1},
	{0x1f5, 0x1f5, 2},
	{0x1f6, 0x1f8, 1},
	{0x1f9, 0x1f9, 2},
	{0x1fa, 0x1fa, 1},
	{0x1fb, 0x1fb, 2},
	{0x1fc, 0x1fc, 1},
	{0x1fd, 0x1fd, 2},
	{0x1fe, 0x1fe, 1},
	{0x1ff, 0x1ff, 2},
	{0x200, 0x200, 1},
	{0x201, 0x201, 2},
	{0x202, 0x202, 1},
	{0x203, 0x203, 2},
	{0x204, 0x204, 1},
	{0x205, 0x205, 2},
	{0x206, 0x206, 1},
	{0x207, 0x207, 2},
	{0x208, 0x208, 1},
	{0x209, 0x209, 2},
	{0x20a, 0x20a, 1},
	{0x20b, 0x20b, 2},
	{0x20c, 0x20c, 1},
	{0x20d, 0x20d, 2},
	{0x20e, 0x20e, 1},
	{0x20f, 0x20f, 2},
	{0x210, 0x210, 1},
	{0x211, 0x211, 2},
	{0x212, 0x212, 1},
	{0x213, 0x213, 2},
	{0x214, 0x214, 1},
	{0x215, 0x215, 2},
	{0x216, 0x216, 1},
	{0x217, 0x217, 2},
	{0x218, 0x218, 1},
	{0x219, 0x219, 2},
	{0x21a, 0x21a, 1},
	{0x21b, 0x21b, 2},
	{0x21c, 0x21c, 1},
	{0x21d, 0x21d, 2},
	{0x21e, 0x21e, 1},
	{0x21f, 0x21f, 2},
	{0x220, 0x220, 1},
	{0x221, 0x221, 2},
	{0x222, 0x222, 1},
	{0x223, 0x223, 2},
	{0x224, 0x224, 1},
	{0x225, 0x225, 2},
	{0x226, 0x226, 1},
	{0x227, 0x227, 2},
	{0x228, 0x228, 1},
	{0x229, 0x229, 2},
	{0x22a, 0x22a, 1},
	{0x22b, 0x22b, 2},
	{0x22c, 0x22c, 1},
	{0x22d, 0x22d, 2},
	{0x22e, 0x22e, 1},
	{0x22f, 0x22f, 2},
	{0x230, 0x230, 1},
	{0x231, 0x231, 2},
	{0x232, 0x232, 1},
	{0x233, 0x239, 2},
	{0x23a, 0x23b, 1},
	{0x23c, 0x23c, 2},
	{0x23d, 0x23e, 1},
	{0x23f, 0x240, 2},
	{0x241, 0x241, 1},
	{0x242, 0x242, 2},
	{0x243, 0x246, 1},
	{0x247, 0x247, 2},
	{0x248, 0x248, 1},
	{0x249, 0x249, 2},
	{0x24a, 0x24a, 1},
	{0x24b, 0x24b, 2},
	{0x24c, 0x24c, 1},
	{0x24d, 0x24d, 2},
	{0x24e, 0x24e, 1},
	{0x24f, 0x293, 2},
	{0x294, 0x294, 5},
	{0x295, 0x2af, 2},
	{0x2b0, 0x2c1, 4},
	{0x2c2, 0x2c5, 27},
	{0x2c6, 0x2d1, 4},
	{0x2d2, 0x2df, 27},
	{0x2e0, 0x2e4, 4},
	{0x2e5, 0x2eb, 27},
	{0x2ec, 0x2ec, 4},
	{0x2ed, 0x2ed, 27},
	{0x2ee, 0x2ee, 4},
	{0x2ef, 0x2ff, 27},
	{0x300, 0x36f, 6},
	{0x370, 0x370, 1},
	{0x371, 0x371, 2},
	{0x372, 0x372, 1},
	{0x373, 0x373, 2},
	{0x374, 0x374, 4},
	{0x375, 0x375, 27},
	{0x376, 0x376, 1},
	{0x377, 0x377, 2},
	{0x37a, 0x37a, 4},
	{0x37b, 0x37d, 2},
	{0x37e, 0x37e, 24},
	{0x37f, 0x37f, 1},
	{0x384, 0x385, 27},
	{0x386, 0x386, 1},
	{0x387, 0x387, 24},
	{0x388, 0x38a, 1},
	{0x38c, 0x38c, 1},
	{0x38e, 0x38f, 1},
	{0x390, 0x390, 2},
	{0x391, 0x3a1, 1},
	{0x3a3, 0x3ab, 1},
	{0x3ac, 0x3ce, 2},
	{0x3cf, 0x3cf, 1},
	{0x3d0, 0x3d1, 2},
	{0x3d2, 0x3d4, 1},
	{0x3d5, 0x3d7, 2},
	{0x3d8, 0x3d8, 1},
	{0x3d9, 0x3d9, 2},
	{0x3da, 0x3da, 1},
	{0x3db, 0x3db, 2},
	{0x3dc, 0x3dc, 1},
	{0x3dd, 0x3dd, 2},
	{0x3de, 0x3de, 1},
	{0x3df, 0x3df, 2},
	{0x3e0, 0x3e0, 1},
	{0x3e1, 0x3e1, 2},
	{0x3e2, 0x3e2, 1},
	{0x3e3, 0x3e3, 2},
	{0x3e4, 0x3e4, 1},
	{0x3e5, 0x3e5, 2},
	{0x3e6, 0x3e6, 1},
	{0x3e7, 0x3e7, 2},
	{0x3e8, 0x3e8, 1},
	{0x3e9, 0x3e9, 2},
	{0x3ea, 0x3ea, 1},
	{0x3eb, 0x3eb, 2},
	{0x3ec, 0x3ec, 1},
	{0x3ed, 0x3ed, 2},
	{0x3ee, 0x3ee, 1},
	{0x3ef, 0x3f3, 2},
	{0x3f4, 0x3f4, 1},
	{0x3f5, 0x3f5, 2},
	{0x3f6, 0x3f6, 25},
	{0x3f7, 0x3f7, 1},
	{0x3f8, 0x3f8, 2},
	{0x3f9, 0x3fa, 1},
	{0x3fb, 0x3fc, 2},
	{0x3fd, 0x42f, 1},
	{0x430, 0x45f, 2},
	{0x460, 0x460, 1},
	{0x461, 0x461, 2},
	{0x462, 0x462, 1},
	{0x463, 0x463, 2},
	{0x464, 0x464, 1},
	{0x465, 0x465, 2},
	{0x466, 0x466, 1},
	{0x467, 0x467, 2},
	{0x468, 0x468, 1},
	{0x469, 0x469, 2},
	{0x46a, 0x46a, 1},
	{0x46b, 0x46b, 2},
	{0x46c, 0x46c, 1},
	{0x46d, 0x46d, 2},
	{0x46e, 0x46e, 1},
	{0x46f, 0x46f, 2},
	{0x470, 0x470, 1},
	{0x471, 0x471, 2},
	{0x472, 0x472, 1},
	{0x473, 0x473, 2},
	{0x474, 0x474, 1},
	{0x475, 0x475, 2},
	{0x476, 0x476, 1},
	{0x477, 0x477, 2},
	{0x478, 0x478, 1},
	{0x479, 0x479, 2},
	{0x47a, 0x47a, 1},
	{0x47b, 0x47b, 2},
	{0x47c, 0x47c, 1},
	{0x47d, 0x47d, 2},
	{0x47e, 0x47e, 1},
	{0x47f, 0x47f, 2},
	{0x480, 0x480, 1},
	{0x481, 0x481, 2},
	{0x482, 0x482, 28},
	{0x483, 0x487, 6},
	{0x488, 0x489, 7},
	{0x48a, 0x48a, 1},
	{0x48b, 0x48b, 2},
	{0x48c, 0x48c, 1},
	{0x48d, 0x48d, 2},
	{0x48e, 0x48e, 1},
	{0x48f, 0x48f, 2},
	{0x490, 0x490, 1},
	{0x491, 0x491, 2},
	{0x492, 0x492, 1},
	{0x493, 0x493, 2},
	{0x494, 0x494, 1},
	{0x495, 0x495, 2},
	{0x496, 0x496, 1},
	{0x497, 0x497, 2},
	{0x498, 0x498, 1},
	{0x499, 0x499, 2},
	{0x49a, 0x49a, 1},
	{0x49b, 0x49b, 2},
	{0x49c, 0x49c, 1},
	{0x49d, 0x49d, 2},
	{0x49e, 0x49e, 1},
	{0x49f, 0x49f, 2},
	{0x4a0, 0x4a0, 1},
	{0x4a1, 0x4a1, 2},
	{0x4a2, 0x4a2, 1},
	{0x4a3, 0x4a3, 2},
	{0x4a4, 0x4a4, 1},
	{0x4a5, 0x4a5, 2},
	{0x4a6, 0x4a6, 1},
	{0x4a7, 0x4a7, 2},
	{0x4a8, 0x4a8, 1},
	{0x4a9, 0x4a9, 2},
	{0x4aa, 0x4aa, 1},
	{0x4ab, 0x4ab, 2},
	{0x4ac, 0x4ac, 1},
	{0x4ad, 0x4ad, 2},
	{0x4ae, 0x4ae, 1},
	{0x4af, 0x4af, 2},
	{0x4b0, 0x4b0, 1},
	{0x4b1, 0x4b1, 2},
	{0x4b2, 0x4b2, 1},
	{0x4b3, 0x4b3, 2},
	{0x4b4, 0x4b4, 1},
	{0x4b5, 0x4b5, 2},
	{0x4b6, 0x4b6, 1},
	{0x4b7, 0x4b7, 2},
	{0x4b8, 0x4b8, 1},
	{0x4b9, 0x4b9, 2},
	{0x4ba, 0x4ba, 1},
	{0x4bb, 0x4bb, 2},
	{0x4bc, 0x4bc, 1},
	{0x4bd, 0x4bd, 2},
	{0x4be, 0x4be, 1},
	{0x4bf, 0x4bf, 2},
	{0x4c0, 0x4c1, 1},
	{0x4c2, 0x4c2, 2},
	{0x4c3, 0x4c3, 1},
	{0x4c4, 0x4c4, 2},
	{0x4c5, 0x4c5, 1},
	{0x4c6, 0x4c6, 2},
	{0x4c7, 0x4c7, 1},
	{0x4c8, 0x4c8, 2},
	{0x4c9, 0x4c9, 1},
	{0x4ca, 0x4ca, 2},
	{0x4cb, 0x4cb, 1},
	{0x4cc, 0x4cc, 2},
	{0x4cd, 0x4cd, 1},
	{0x4ce, 0x4cf, 2},
	{0x4d0, 0x4d0, 1},
	{0x4d1, 0x4d1, 2},
	{0x4d2, 0x4d2, 1},
	{0x4d3, 0x4d3, 2},
	{0x4d4, 0x4d4, 1},
	{0x4d5, 0x4d5, 2},
	{0x4d6, 0x4d6, 1},
	{0x4d7, 0x4d7, 2},
	{0x4d8, 0x4d8, 1},
	{0x4d9, 0x4d9, 2},
	{0x4da, 0x4da, 1},
	{0x4db, 0x4db, 2},
	{0x4dc, 0x4dc, 1},
	{0x4dd, 0x4dd, 2},
	{0x4de, 0x4de, 1},
	{0x4df, 0x4df, 2},
	{0x4e0, 0x4e0, 1},
	{0x4e1, 0x4e1, 2},
	{0x4e2, 0x4e2, 1},
	{0x4e3, 0x4e3, 2},
	{0x4e4, 0x4e4, 1},
	{0x4e5, 0x4e5, 2},
	{0x4e6, 0x4e6, 1},
	{0x4e7, 0x4e7, 2},
	{0x4e8, 0x4e8, 1},
	{0x4e9, 0x4e9, 2},
	{0x4ea, 0x4ea, 1},
	{0x4eb, 0x4eb, 2},
	{0x4ec, 0x4ec, 1},
	{0x4ed, 0x4ed, 2},
	{0x4ee, 0x4ee, 1},
	{0x4ef, 0x4ef, 2},
	{0x4f0, 0x4f0, 1},
	{0x4f1, 0x4f1, 2},
	{0x4f2, 0x4f2, 1},
	{0x4f3, 0x4f3, 2},
	{0x4f4, 0x4f4, 1},
	{0x4f5, 0x4f5, 2},
	{0x4f6, 0x4f6, 1},
	{0x4f7, 0x4f7, 2},
	{0x4f8, 0x4f8, 1},
	{0x4f9, 0x4f9, 2},
	{0x4fa, 0x4fa, 1},
	{0x4fb, 0x4fb, 2},
	{0x4fc, 0x4fc, 1},
	{0x4fd, 0x4fd, 2},
	{0x4fe, 0x4fe, 1},
	{0x4ff, 0x4ff, 2},
	{0x500, 0x500, 1},
	{0x501, 0x501, 2},
	{0x502, 0x502, 1},
	{0x503, 0x503, 2},
	{0x504, 0x504, 1},
	{0x505, 0x505, 2},
	{0x506, 0x506, 1},
	{0x507, 0x507, 2},
	{0x508, 0x508, 1},
	{0x509, 0x509, 2},
	{0x50a, 0x50a, 1},
	{0x50b, 0x50b, 2},
	{0x50c, 0x50c, 1},
	{0x50d, 0x50d, 2},
	{0x50e, 0x50e, 1},
	{0x50f, 0x50f, 2},
	{0x510, 0x510, 1},
	{0x511, 0x511, 2},
	{0x512, 0x512, 1},
	{0x513, 0x513, 2},
	{0x514, 0x514, 1},
	{0x515, 0x515, 2},
	{0x516, 0x516, 1},
	{0x517, 0x517, 2},
	{0x518, 0x518, 1},
	{0x519, 0x519, 2},
	{0x51a, 0x51a, 1},
	{0x51b, 0x51b, 2},
	{0x51c, 0x51c, 1},
	{0x51d, 0x51d, 2},
	{0x51e, 0x51e, 1},
	{0x51f, 0x51f, 2},
	{0x520, 0x520, 1},
	{0x521, 0x521, 2},
	{0x522, 0x522, 1},
	{0x523, 0x523, 2},
	{0x524, 0x524, 1},
	{0x525, 0x525, 2},
	{0x526, 0x526, 1},
	{0x527, 0x527, 2},
	{0x528, 0x528, 1},
	{0x529, 0x529, 2},
	{0x52a, 0x52a, 1},
	{0x52b, 0x52b, 2},
	{0x52c, 0x52c, 1},
	{0x52d, 0x52d, 2},
	{0x52e, 0x52e, 1},
	{0x52f, 0x52f, 2},
	{0x531, 0x556, 1},
	{0x559, 0x559, 4},
	{0x55a, 0x55f, 24},
	{0x560, 0x588, 2},
	{0x589, 0x589, 24},
	{0x58a, 0x58a, 20},
	{0x58d, 0x58e, 28},
	{0x58f, 0x58f, 26},
	{0x591, 0x5bd, 6},
	{0x5be, 0x5be, 20},
	{0x5bf, 0x5bf, 6},
	{0x5c0, 0x5c0, 24},
	{0x5c1, 0x5c2, 6},
	{0x5c3, 0x5c3, 24},
	{0x5c4, 0x5c5, 6},
	{0x5c6, 0x5c6, 24},
	{0x5c7, 0x5c7, 6},
	{0x5d0, 0x5ea, 5},
	{0x5ef, 0x5f2, 5},
	{0x5f3, 0x5f4, 24},
	{0x600, 0x605, 16},
	{0x606, 0x608, 25},
	{0x609, 0x60a, 24},
	{0x60b, 0x60b, 26},
	{0x60c, 0x60d, 24},
	{0x60e, 0x60f, 28},
	{0x610, 0x61a, 6},
	{0x61b, 0x61b, 24},
	{0x61c, 0x61c, 16},
	{0x61d, 0x61f, 24},
	{0x620, 0x63f, 5},
	{0x640, 0x640, 4},
	{0x641, 0x64a, 5},
	{0x64b, 0x65f, 6},
	{0x660, 0x669, 9},
	{0x66a, 0x66d, 24},
	{0x66e, 0x66f, 5},
	{0x670, 0x670, 6},
	{0x671, 0x6d3, 5},
	{0x6d4, 0x6d4, 24},
	{0x6d5, 0x6d5, 5},
	{0x6d6, 0x6dc, 6},
	{0x6dd, 0x6dd, 16},
	{0x6de, 0x6de, 28},
	{0x6df, 0x6e4, 6},
	{0x6e5, 0x6e6, 4},
	{0x6e7, 0x6e8, 6},
	{0x6e9, 0x6e9, 28},
	{0x6ea, 0x6ed, 6},
	{0x6ee, 0x6ef, 5},
	{0x6f0, 0x6f9, 9},
	{0x6fa, 0x6fc, 5},
	{0x6fd, 0x6fe, 28},
	{0x6ff, 0x6ff, 5},
	{0x700, 0x70d, 24},
	{0x70f, 0x70f, 16},
	{0x710, 0x710, 5},
	{0x711, 0x711, 6},
	{0x712, 0x72f, 5},
	{0x730, 0x74a, 6},
	{0x74d, 0x7a5, 5},
	{0x7a6, 0x7b0, 6},
	{0x7b1, 0x7b1, 5},
	{0x7c0, 0x7c9, 9},
	{0x7ca, 0x7ea, 5},
	{0x7eb, 0x7f3, 6},
	{0x7f4, 0x7f5, 4},
	{0x7f6, 0x7f6, 28},
	{0x7f7, 0x7f9, 24},
	{0x7fa, 0x7fa, 4},
	{0x7fd, 0x7fd, 6},
	{0x7fe, 0x7ff, 26},
	{0x800, 0x815, 5},
	{0x816, 0x819, 6},
	{0x81a, 0x81a, 4},
	{0x81b, 0x823, 6},
	{0x824, 0x824, 4},
	{0x825, 0x827, 6},
	{0x828, 0x828, 4},
	{0x829, 0x82d, 6},
	{0x830, 0x83e, 24},
	{0x840, 0x858, 5},
	{0x859, 0x85b, 6},
	{0x85e, 0x85e, 24},
	{0x860, 0x86a, 5},
	{0x870, 0x887, 5},
	{0x888, 0x888, 27},
	{0x889, 0x88e, 5},
	{0x890, 0x891, 16},
	{0x898, 0x89f, 6},
	{0x8a0, 0x8c8, 5},
	{0x8c9, 0x8c9, 4},
	{0x8ca, 0x8e1, 6},
	{0x8e2, 0x8e2, 16},
	{0x8e3, 0x902, 6},
	{0x903, 0x903, 8},
	{0x904, 0x939, 5},
	{0x93a, 0x93a, 6},
	{0x93b, 0x93b, 8},
	{0x93c, 0x93c, 6},
	{0x93d, 0x93d, 5},
	{0x93e, 0x940, 8},
	{0x941, 0x948, 6},
	{0x949, 0x94c, 8},
	{0x94d, 0x94d, 6},
	{0x94e, 0x94f, 8},
	{0x950, 0x950, 5},
	{0x951, 0x957, 6},
	{0x958, 0x961, 5},
	{0x962, 0x963, 6},
	{0x964, 0x965, 24},
	{0x966, 0x96f, 9},
	{0x970, 0x970, 24},
	{0x971, 0x971, 4},
	{0x972, 0x980, 5},
	{0x981, 0x981, 6},
	{0x982, 0x983, 8},
	{0x985, 0x98c, 5},
	{0x98f, 0x990, 5},
	{0x993, 0x9a8, 5},
	{0x9aa, 0x9b0, 5},
	{0x9b2, 0x9b2, 5},
	{0x9b6, 0x9b9, 5},
	{0x9bc, 0x9bc, 6},
	{0x9bd, 0x9bd, 5},
	{0x9be, 0x9c0, 8},
	{0x9c1, 0x9c4, 6},
	{0x9c7, 0x9c8, 8},
	{0x9cb, 0x9cc, 8},
	{0x9cd, 0x9cd, 6},
	{0x9ce, 0x9ce, 5},
	{0x9d7, 0x9d7, 8},
	{0x9dc, 0x9dd, 5},
	{0x9df, 0x9e1, 5},
	{0x9e2, 0x9e3, 6},
	{0x9e6, 0x9ef, 9},
	{0x9f0, 0x9f1, 5},
	{0x9f2, 0x9f3, 26},
	{0x9f4, 0x9f9, 11},
	{0x9fa, 0x9fa, 28},
	{0x9fb, 0x9fb, 26},
	{0x9fc, 0x9fc, 5},
	{0x9fd, 0x9fd, 24},
	{0x9fe, 0x9fe, 6},
	{0xa01, 0xa02, 6},
	{0xa03, 0xa03, 8},
	{0xa05, 0xa0a, 5},
	{0xa0f, 0xa10, 5},
	{0xa13, 0xa28, 5},
	{0xa2a, 0xa30, 5},
	{0xa32, 0xa33, 5},
	{0xa35, 0xa36, 5},
	{0xa38, 0xa39, 5},
	{0xa3c, 0xa3c, 6},
	{0xa3e, 0xa40, 8},
	{0xa41, 0xa42, 6},
	{0xa47, 0xa48, 6},
	{0xa4b, 0xa4d, 6},
	{0xa51, 0xa51, 6},
	{0xa59, 0xa5c, 5},
	{0xa5e, 0xa5e, 5},
	{0xa66, 0xa6f, 9},
	{0xa70, 0xa71, 6},
	{0xa72, 0xa74, 5},
	{0xa75, 0xa75, 6},
	{0xa76, 0xa76, 24},
	{0xa81, 0xa82, 6},
	{0xa83, 0xa83, 8},
	{0xa85, 0xa8d, 5},
	{0xa8f, 0xa91, 5},
	{0xa93, 0xaa8, 5},
	{0xaaa, 0xab0, 5},
	{0xab2, 0xab3, 5},
	{0xab5, 0xab9, 5},
	{0xabc, 0xabc, 6},
	{0xabd, 0xabd, 5},
	{0xabe, 0xac0, 8},
	{0xac1, 0xac5, 6},
	{0xac7, 0xac8, 6},
	{0xac9, 0xac9, 8},
	{0xacb, 0xacc, 8},
	{0xacd, 0xacd, 6},
	{0xad0, 0xad0, 5},
	{0xae0, 0xae1, 5},
	{0xae2, 0xae3, 6},
	{0xae6, 0xaef, 9},
	{0xaf0, 0xaf0, 24},
	{0xaf1, 0xaf1, 26},
	{0xaf9, 0xaf9, 5},
	{0xafa, 0xaff, 6},
	{0xb01, 0xb01, 6},
	{0xb02, 0xb03, 8},
	{0xb05, 0xb0c, 5},
	{0xb0f, 0xb10, 5},
	{0xb13, 0xb28, 5},
	{0xb2a, 0xb30, 5},
	{0xb32, 0xb33, 5},
	{0xb35, 0xb39, 5},
	{0xb3c, 0xb3c, 6},
	{0xb3d, 0xb3d, 5},
	{0xb3e, 0xb3e, 8},
	{0xb3f, 0xb3f, 6},
	{0xb40, 0xb40, 8},
	{0xb41, 0xb44, 6},
	{0xb47, 0xb48, 8},
	{0xb4b, 0xb4c, 8},
	{0xb4d, 0xb4d, 6},
	{0xb55, 0xb56, 6},
	{0xb57, 0xb57, 8},
	{0xb5c, 0xb5d, 5},
	{0xb5f, 0xb61, 5},
	{0xb62, 0xb63, 6},
	{0xb66, 0xb6f, 9},
	{0xb70, 0xb70, 28},
	{0xb71, 0xb71, 5},
	{0xb72, 0xb77, 11},
	{0xb82, 0xb82, 6},
	{0xb83, 0xb83, 5},
	{0xb85, 0xb8a, 5},
	{0xb8e, 0xb90, 5},
	{0xb92, 0xb95, 5},
	{0xb99, 0xb9a, 5},
	{0xb9c, 0xb9c, 5},
	{0xb9e, 0xb9f, 5},
	{0xba3, 0xba4, 5},
	{0xba8, 0xbaa, 5},
	{0xbae, 0xbb9, 5},
	{0xbbe, 0xbbf, 8},
	{0xbc0, 0xbc0, 6},
	{0xbc1, 0xbc2, 8},
	{0xbc6, 0xbc8, 8},
	{0xbca, 0xbcc, 8},
	{0xbcd, 0xbcd, 6},
	{0xbd0, 0xbd0, 5},
	{0xbd7, 0xbd7, 8},
	{0xbe6, 0xbef, 9},
	{0xbf0, 0xbf2, 11},
	{0xbf3, 0xbf8, 28},
	{0xbf9, 0xbf9, 26},
	{0xbfa, 0xbfa, 28},
	{0xc00, 0xc00, 6},
	{0xc01, 0xc03, 8},
	{0xc04, 0xc04, 6},
	{0xc05, 0xc0c, 5},
	{0xc0e, 0xc10, 5},
	{0xc12, 0xc28, 5},
	{0xc2a, 0xc39, 5},
	{0xc3c, 0xc3c, 6},
	{0xc3d, 0xc3d, 5},
	{0xc3e, 0xc40, 6},
	{0xc41, 0xc44, 8},
	{0xc46, 0xc48, 6},
	{0xc4a, 0xc4d, 6},
	{0xc55, 0xc56, 6},
	{0xc58, 0xc5a, 5},
	{0xc5d, 0xc5d, 5},
	{0xc60, 0xc61, 5},
	{0xc62, 0xc63, 6},
	{0xc66, 0xc6f, 9},
	{0xc77, 0xc77, 24},
	{0xc78, 0xc7e, 11},
	{0xc7f, 0xc7f, 28},
	{0xc80, 0xc80, 5},
	{0xc81, 0xc81, 6},
	{0xc82, 0xc83, 8},
	{0xc84, 0xc84, 24},
	{0xc85, 0xc8c, 5},
	{0xc8e, 0xc90, 5},
	{0xc92, 0xca8, 5},
	{0xcaa, 0xcb3, 5},
	{0xcb5, 0xcb9, 5},
	{0xcbc, 0xcbc, 6},
	{0xcbd, 0xcbd, 5},
	{0xcbe, 0xcbe, 8},
	{0xcbf, 0xcbf, 6},
	{0xcc0, 0xcc4, 8},
	{0xcc6, 0xcc6, 6},
	{0xcc7, 0xcc8, 8},
	{0xcca, 0xccb, 8},
	{0xccc, 0xccd, 6},
	{0xcd5, 0xcd6, 8},
	{0xcdd, 0xcde, 5},
	{0xce0, 0xce1, 5},
	{0xce2, 0xce3, 6},
	{0xce6, 0xcef, 9},
	{0xcf1, 0xcf2, 5},
	{0xcf3, 0xcf3, 8},
	{0xd00, 0xd01, 6},
	{0xd02, 0xd03, 8},
	{0xd04, 0xd0c, 5},
	{0xd0e, 0xd10, 5},
	{0xd12, 0xd3a, 5},
	{0xd3b, 0xd3c, 6},
	{0xd3d, 0xd3d, 5},
	{0xd3e, 0xd40, 8},
	{0xd41, 0xd44, 6},
	{0xd46, 0xd48, 8},
	{0xd4a, 0xd4c, 8},
	{0xd4d, 0xd4d, 6},
	{0xd4e, 0xd4e, 5},
	{0xd4f, 0xd4f, 28},
	{0xd54, 0xd56, 5},
	{0xd57, 0xd57, 8},
	{0xd58, 0xd5e, 11},
	{0xd5f, 0xd61, 5},
	{0xd62, 0xd63, 6},
	{0xd66, 0xd6f, 9},
	{0xd70, 0xd78, 11},
	{0xd79, 0xd79, 28},
	{0xd7a, 0xd7f, 5},
	{0xd81, 0xd81, 6},
	{0xd82, 0xd83, 8},
	{0xd85, 0xd96, 5},
	{0xd9a, 0xdb1, 5},
	{0xdb3, 0xdbb, 5},
	{0xdbd, 0xdbd, 5},
	{0xdc0, 0xdc6, 5},
	{0xdca, 0xdca, 6},
	{0xdcf, 0xdd1, 8},
	{0xdd2, 0xdd4, 6},
	{0xdd6, 0xdd6, 6},
	{0xdd8, 0xddf, 8},
	{0xde6, 0xdef, 9},
	{0xdf2, 0xdf3, 8},
	{0xdf4, 0xdf4, 24},
	{0xe01, 0xe30, 5},
	{0xe31, 0xe31, 6},
	{0xe32, 0xe33, 5},
	{0xe34, 0xe3a, 6},
	{0xe3f, 0xe3f, 26},
	{0xe40, 0xe45, 5},
	{0xe46, 0xe46, 4},
	{0xe47, 0xe4e, 6},
	{0xe4f, 0xe4f, 24},
	{0xe50, 0xe59, 9},
	{0xe5a, 0xe5b, 24},
	{0xe81, 0xe82, 5},
	{0xe84, 0xe84, 5},
	{0xe86, 0xe8a, 5},
	{0xe8c, 0xea3, 5},
	{0xea5, 0xea5, 5},
	{0xea7, 0xeb0, 5},
	{0xeb1, 0xeb1, 6},
	{0xeb2, 0xeb3, 5},
	{0xeb4, 0xebc, 6},
	{0xebd, 0xebd, 5},
	{0xec0, 0xec4, 5},
	{0xec6, 0xec6, 4},
	{0xec8, 0xece, 6},
	{0xed0, 0xed9, 9},
	{0xedc, 0xedf, 5},
	{0xf00, 0xf00, 5},
	{0xf01, 0xf03, 28},
	{0xf04, 0xf12, 24},
	{0xf13, 0xf13, 28},
	{0xf14, 0xf14, 24},
	{0xf15, 0xf17, 28},
	{0xf18, 0xf19, 6},
	{0xf1a, 0xf1f, 28},
	{0xf20, 0xf29, 9},
	{0xf2a, 0xf33, 11},
	{0xf34, 0xf34, 28},
	{0xf35, 0xf35, 6},
	{0xf36, 0xf36, 28},
	{0xf37, 0xf37, 6},
	{0xf38, 0xf38, 28},
	{0xf39, 0xf39, 6},
	{0xf3a, 0xf3a, 21},
	{0xf3b, 0xf3b, 22},
	{0xf3c, 0xf3c, 21},
	{0xf3d, 0xf3d, 22},
	{0xf3e, 0xf3f, 8},
	{0xf40, 0xf47, 5},
	{0xf49, 0xf6c, 5},
	{0xf71, 0xf7e, 6},
	{0xf7f, 0xf7f, 8},
	{0xf80, 0xf84, 6},
	{0xf85, 0xf85, 24},
	{0xf86, 0xf87, 6},
	{0xf88, 0xf8c, 5},
	{0xf8d, 0xf97, 6},
	{0xf99, 0xfbc, 6},
	{0xfbe, 0xfc5, 28},
	{0xfc6, 0xfc6, 6},
	{0xfc7, 0xfcc, 28},
	{0xfce, 0xfcf, 28},
	{0xfd0, 0xfd4, 24},
	{0xfd5, 0xfd8, 28},
	{0xfd9, 0xfda, 24},
	{0x1000, 0x102a, 5},
	{0x102b, 0x102c, 8},
	{0x102d, 0x1030, 6},
	{0x1031, 0x1031, 8},
	{0x1032, 0x1037, 6},
	{0x1038, 0x1038, 8},
	{0x1039, 0x103a, 6},
	{0x103b, 0x103c, 8},
	{0x103d, 0x103e, 6},
	{0x103f, 0x103f, 5},
	{0x1040, 0x1049, 9},
	{0x104a, 0x104f, 24},
	{0x1050, 0x1055, 5},
	{0x1056, 0x1057, 8},
	{0x1058, 0x1059, 6},
	{0x105a, 0x105d, 5},
	{0x105e, 0x1060, 6},
	{0x1061, 0x1061, 5},
	{0x1062, 0x1064, 8},
	{0x1065, 0x1066, 5},
	{0x1067, 0x106d, 8},
	{0x106e, 0x1070, 5},
	{0x1071, 0x1074, 6},
	{0x1075, 0x1081, 5},
	{0x1082, 0x1082, 6},
	{0x1083, 0x1084, 8},
	{0x1085, 0x1086, 6},
	{0x1087, 0x108c, 8},
	{0x108d, 0x108d, 6},
	{0x108e, 0x108e, 5},
	{0x108f, 0x108f, 8},
	{0x1090, 0x1099, 9},
	{0x109a, 0x109c, 8},
	{0x109d, 0x109d, 6},
	{0x109e, 0x109f, 28},
	{0x10a0, 0x10c5, 1},
	{0x10c7, 0x10c7, 1},
	{0x10cd, 0x10cd, 1},
	{0x10d0, 0x10fa, 2},
	{0x10fb, 0x10fb, 24},
	{0x10fc, 0x10fc, 4},
	{0x10fd, 0x10ff, 2},
	{0x1100, 0x1248, 5},
	{0x124a, 0x124d, 5},
	{0x1250, 0x1256, 5},
	{0x1258, 0x1258, 5},
	{0x125a, 0x125d, 5},
	{0x1260, 0x1288, 5},
	{0x128a, 0x128d, 5},
	{0x1290, 0x12b0, 5},
	{0x12b2, 0x12b5, 5},
	{0x12b8, 0x12be, 5},
	{0x12c0, 0x12c0, 5},
	{0x12c2, 0x12c5, 5},
	{0x12c8, 0x12d6, 5},
	{0x12d8, 0x1310, 5},
	{0x1312, 0x1315, 5},
	{0x1318, 0x135a, 5},
	{0x135d, 0x135f, 6},
	{0x1360, 0x1368, 24},
	{0x1369, 0x137c, 11},
	{0x1380, 0x138f, 5},
	{0x1390, 0x1399, 28},
	{0x13a0, 0x13f5, 1},
	{0x13f8, 0x13fd, 2},
	{0x1400, 0x1400, 20},
	{0x1401, 0x166c, 5},
	{0x166d, 0x166d, 28},
	{0x166e, 0x166e, 24},
	{0x166f, 0x167f, 5},
	{0x1680, 0x1680, 12},
	{0x1681, 0x169a, 5},
	{0x169b, 0x169b, 21},
	{0x169c, 0x169c, 22},
	{0x16a0, 0x16ea, 5},
	{0x16eb, 0x16ed, 24},
	{0x16ee, 0x16f0, 10},
	{0x16f1, 0x16f8, 5},
	{0x1700, 0x1711, 5},
	{0x1712, 0x1714, 6},
	{0x1715, 0x1715, 8},
	{0x171f, 0x1731, 5},
	{0x1732, 0x1733, 6},
	{0x1734, 0x1734, 8},
	{0x1735, 0x1736, 24},
	{0x1740, 0x1751, 5},
	{0x1752, 0x1753, 6},
	{0x1760, 0x176c, 5},
	{0x176e, 0x1770, 5},
	{0x1772, 0x1773, 6},
	{0x1780, 0x17b3, 5},
	{0x17b4, 0x17b5, 6},
	{0x17b6, 0x17b6, 8},
	{0x17b7, 0x17bd, 6},
	{0x17be, 0x17c5, 8},
	{0x17c6, 0x17c6, 6},
	{0x17c7, 0x17c8, 8},
	{0x17c9, 0x17d3, 6},
	{0x17d4, 0x17d6, 24},
	{0x17d7, 0x17d7, 4},
	{0x17d8, 0x17da, 24},
	{0x17db, 0x17db, 26},
	{0x17dc, 0x17dc, 5},
	{0x17dd, 0x17dd, 6},
	{0x17e0, 0x17e9, 9},
	{0x17f0, 0x17f9, 11},
	{0x1800, 0x1805, 24},
	{0x1806, 0x1806, 20},
	{0x1807, 0x180a, 24},
	{0x180b, 0x180d, 6},
	{0x180e, 0x180e, 16},
	{0x180f, 0x180f, 6},
	{0x1810, 0x1819, 9},
	{0x1820, 0x1842, 5},
	{0x1843, 0x1843, 4},
	{0x1844, 0x1878, 5},
	{0x1880, 0x1884, 5},
	{0x1885, 0x1886, 6},
	{0x1887, 0x18a8, 5},
	{0x18a9, 0x18a9, 6},
	{0x18aa, 0x18aa, 5},
	{0x18b0, 0x18f5, 5},
	{0x1900, 0x191e, 5},
	{0x1920, 0x1922, 6},
	{0x1923, 0x1926, 8},
	{0x1927, 0x1928, 6},
	{0x1929, 0x192b, 8},
	{0x1930, 0x1931, 8},
	{0x1932, 0x1932, 6},
	{0x1933, 0x1938, 8},
	{0x1939, 0x193b, 6},
	{0x1940, 0x1940, 28},
	{0x1944, 0x1945, 24},
	{0x1946, 0x194f, 9},
	{0x1950, 0x196d, 5},
	{0x1970, 0x1974, 5},
	{0x1980, 0x19ab, 5},
	{0x19b0, 0x19c9, 5},
	{0x19d0, 0x19d9, 9},
	{0x19da, 0x19da, 11},
	{0x19de, 0x19ff, 28},
	{0x1a00, 0x1a16, 5},
	{0x1a17, 0x1a18, 6},
	{0x1a19, 0x1a1a, 8},
	{0x1a1b, 0x1a1b, 6},
	{0x1a1e, 0x1a1f, 24},
	{0x1a20, 0x1a54, 5},
	{0x1a55, 0x1a55, 8},
	{0x1a56, 0x1a56, 6},
	{0x1a57, 0x1a57, 8},
	{0x1a58, 0x1a5e, 6},
	{0x1a60, 0x1a60, 6},
	{0x1a61, 0x1a61, 8},
	{0x1a62, 0x1a62, 6},
	{0x1a63, 0x1a64, 8},
	{0x1a65, 0x1a6c, 6},
	{0x1a6d, 0x1a72, 8},
	{0x1a73, 0x1a7c, 6},
	{0x1a7f, 0x1a7f, 6},
	{0x1a80, 0x1a89, 9},
	{0x1a90, 0x1a99, 9},
	{0x1aa0, 0x1aa6, 24},
	{0x1aa7, 0x1aa7, 4},
	{0x1aa8, 0x1aad, 24},
	{0x1ab0, 0x1abd, 6},
	{0x1abe, 0x1abe, 7},
	{0x1abf, 0x1ace, 6},
	{0x1b00, 0x1b03, 6},
	{0x1b04, 0x1b04, 8},
	{0x1b05, 0x1b33, 5},
	{0x1b34, 0x1b34, 6},
	{0x1b35, 0x1b35, 8},
	{0x1b36, 0x1b3a, 6},
	{0x1b3b, 0x1b3b, 8},
	{0x1b3c, 0x1b3c, 6},
	{0x1b3d, 0x1b41, 8},
	{0x1b42, 0x1b42, 6},
	{0x1b43, 0x1b44, 8},
	{0x1b45, 0x1b4c, 5},
	{0x1b50, 0x1b59, 9},
	{0x1b5a, 0x1b60, 24},
	{0x1b61, 0x1b6a, 28},
	{0x1b6b, 0x1b73, 6},
	{0x1b74, 0x1b7c, 28},
	{0x1b7d, 0x1b7e, 24},
	{0x1b80, 0x1b81, 6},
	{0x1b82, 0x1b82, 8},
	{0x1b83, 0x1ba0, 5},
	{0x1ba1, 0x1ba1, 8},
	{0x1ba2, 0x1ba5, 6},
	{0x1ba6, 0x1ba7, 8},
	{0x1ba8, 0x1ba9, 6},
	{0x1baa, 0x1baa, 8},
	{0x1bab, 0x1bad, 6},
	{0x1bae, 0x1baf, 5},
	{0x1bb0, 0x1bb9, 9},
	{0x1bba, 0x1be5, 5},
	{0x1be6, 0x1be6, 6},
	{0x1be7, 0x1be7, 8},
	{0x1be8, 0x1be9, 6},
	{0x1bea, 0x1bec, 8},
	{0x1bed, 0x1bed, 6},
	{0x1bee, 0x1bee, 8},
	{0x1bef, 0x1bf1, 6},
	{0x1bf2, 0x1bf3, 8},
	{0x1bfc, 0x1bff, 24},
	{0x1c00, 0x1c23, 5},
	{0x1c24, 0x1c2b, 8},
	{0x1c2c, 0x1c33, 6},
	{0x1c34, 0x1c35, 8},
	{0x1c36, 0x1c37, 6},
	{0x1c3b, 0x1c3f, 24},
	{0x1c40, 0x1c49, 9},
	{0x1c4d, 0x1c4f, 5},
	{0x1c50, 0x1c59, 9},
	{0x1c5a, 0x1c77, 5},
	{0x1c78, 0x1c7d, 4},
	{0x1c7e, 0x1c7f, 24},
	{0x1c80, 0x1c88, 2},
	{0x1c90, 0x1cba, 1},
	{0x1cbd, 0x1cbf, 1},
	{0x1cc0, 0x1cc7, 24},
	{0x1cd0, 0x1cd2, 6},
	{0x1cd3, 0x1cd3, 24},
	{0x1cd4, 0x1ce0, 6},
	{0x1ce1, 0x1ce1, 8},
	{0x1ce2, 0x1ce8, 6},
	{0x1ce9, 0x1cec, 5},
	{0x1ced, 0x1ced, 6},
	{0x1cee, 0x1cf3, 5},
	{0x1cf4, 0x1cf4, 6},
	{0x1cf5, 0x1cf6, 5},
	{0x1cf7, 0x1cf7, 8},
	{0x1cf8, 0x1cf9, 6},
	{0x1cfa, 0x1cfa, 5},
	{0x1d00, 0x1d2b, 2},
	{0x1d2c, 0x1d6a, 4},
	{0x1d6b, 0x1d77, 2},
	{0x1d78, 0x1d78, 4},
	{0x1d79, 0x1d9a, 2},
	{0x1d9b, 0x1dbf, 4},
	{0x1dc0, 0x1dff, 6},
	{0x1e00, 0x1e00, 1},
	{0x1e01, 0x1e01, 2},
	{0x1e02, 0x1e02, 1},
	{0x1e03, 0x1e03, 2},
	{0x1e04, 0x1e04, 1},
	{0x1e05, 0x1e05, 2},
	{0x1e06, 0x1e06, 1},
	{0x1e07, 0x1e07, 2},
	{0x1e08, 0x1e08, 1},
	{0x1e09, 0x1e09, 2},
	{0x1e0a, 0x1e0a, 1},
	{0x1e0b, 0x1e0b, 2},
	{0x1e0c, 0x1e0c, 1},
	{0x1e0d, 0x1e0d, 2},
	{0x1e0e, 0x1e0e, 1},
	{0x1e0f, 0x1e0f, 2},
	{0x1e10, 0x1e10, 1},
	{0x1e11, 0x1e11, 2},
	{0x1e12, 0x1e12, 1},
	{0x1e13, 0x1e13, 2},
	{0x1e14, 0x1e14, 1},
	{0x1e15, 0x1e15, 2},
	{0x1e16, 0x1e16, 1},
	{0x1e17, 0x1e17, 2},
	{0x1e18, 0x1e18, 1},
	{0x1e19, 0x1e19, 2},
	{0x1e1a, 0x1e1a, 1},
	{0x1e1b, 0x1e1b, 2},
	{0x1e1c, 0x1e1c, 1},
	{0x1e1d, 0x1e1d, 2},
	{0x1e1e, 0x1e1e, 1},
	{0x1e1f, 0x1e1f, 2},
	{0x1e20, 0x1e20, 1},
	{0x1e21, 0x1e21, 2},
	{0x1e22, 0x1e22, 1},
	{0x1e23, 0x1e23, 2},
	{0x1e24, 0x1e24, 1},
	{0x1e25, 0x1e25, 2},
	{0x1e26, 0x1e26, 1},
	{0x1e27, 0x1e27, 2},
	{0x1e28, 0x1e28, 1},
	{0x1e29, 0x1e29, 2},
	{0x1e2a, 0x1e2a, 1},
	{0x1e2b, 0x1e2b, 2},
	{0x1e2c, 0x1e2c, 1},
	{0x1e2d, 0x1e2d, 2},
	{0x1e2e, 0x1e2e, 1},
	{0x1e2f, 0x1e2f, 2},
	{0x1e30, 0x1e30, 1},
	{0x1e31, 0x1e31, 2},
	{0x1e32, 0x1e32, 1},
	{0x1e33, 0x1e33, 2},
	{0x1e34, 0x1e34, 1},
	{0x1e35, 0x1e35, 2},
	{0x1e36, 0x1e36, 1},
	{0x1e37, 0x1e37, 2},
	{0x1e38, 0x1e38, 1},
	{0x1e39, 0x1e39, 2},
	{0x1e3a, 0x1e3a, 1},
	{0x1e3b, 0x1e3b, 2},
	{0x1e3c, 0x1e3c, 1},
	{0x1e3d, 0x1e3d, 2},
	{0x1e3e, 0x1e3e, 1},
	{0x1e3f, 0x1e3f, 2},
	{0x1e40, 0x1e40, 1},
	{0x1e41, 0x1e41, 2},
	{0x1e42, 0x1e42, 1},
	{0x1e43, 0x1e43, 2},
	{0x1e44, 0x1e44, 1},
	{0x1e45, 0x1e45, 2},
	{0x1e46, 0x1e46, 1},
	{0x1e47, 0x1e47, 2},
	{0x1e48, 0x1e48, 1},
	{0x1e49, 0x1e49, 2},
	{0x1e4a, 0x1e4a, 1},
	{0x1e4b, 0x1e4b, 2},
	{0x1e4c, 0x1e4c, 1},
	{0x1e4d, 0x1e4d, 2},
	{0x1e4e, 0x1e4e, 1},
	{0x1e4f, 0x1e4f, 2},
	{0x1e50, 0x1e50, 1},
	{0x1e51, 0x1e51, 2},
	{0x1e52, 0x1e52, 1},
	{0x1e53, 0x1e53, 2},
	{0x1e54, 0x1e54, 1},
	{0x1e55, 0x1e55, 2},
	{0x1e56, 0x1e56, 1},
	{0x1e57, 0x1e57, 2},
	{0x1e58, 0x1e58, 1},
	{0x1e59, 0x1e59, 2},
	{0x1e5a, 0x1e5a, 1},
	{0x1e5b, 0x1e5b, 2},
	{0x1e5c, 0x1e5c, 1},
	{0x1e5d, 0x1e5d, 2},
	{0x1e5e, 0x1e5e, 1},
	{0x1e5f, 0x1e5f, 2},
	{0x1e60, 0x1e60, 1},
	{0x1e61, 0x1e61, 2},
	{0x1e62, 0x1e62, 1},
	{0x1e63, 0x1e63, 2},
	{0x1e64, 0x1e64, 1},
	{0x1e65, 0x1e65, 2},
	{0x1e66, 0x1e66, 1},
	{0x1e67, 0x1e67, 2},
	{0x1e68, 0x1e68, 1},
	{0x1e69, 0x1e69, 2},
	{0x1e6a, 0x1e6a, 1},
	{0x1e6b, 0x1e6b, 2},
	{0x1e6c, 0x1e6c, 1},
	{0x1e6d, 0x1e6d, 2},
	{0x1e6e, 0x1e6e, 1},
	{0x1e6f, 0x1e6f, 2},
	{0x1e70, 0x1e70, 1},
	{0x1e71, 0x1e71, 2},
	{0x1e72, 0x1e72, 1},
	{0x1e73, 0x1e73, 2},
	{0x1e74, 0x1e74, 1},
	{0x1e75, 0x1e75, 2},
	{0x1e76, 0x1e76, 1},
	{0x1e77, 0x1e77, 2},
	{0x1e78, 0x1e78, 1},
	{0x1e79, 0x1e79, 2},
	{0x1e7a, 0x1e7a, 1},
	{0x1e7b, 0x1e7b, 2},
	{0x1e7c, 0x1e7c, 1},
	{0x1e7d, 0x1e7d, 2},
	{0x1e7e, 0x1e7e, 1},
	{0x1e7f, 0x1e7f, 2},
	{0x1e80, 0x1e80, 1},
	{0x1e81, 0x1e81, 2},
	{0x1e82, 0x1e82, 1},
	{0x1e83, 0x1e83, 2},
	{0x1e84, 0x1e84, 1},
	{0x1e85, 0x1e85, 2},
	{0x1e86, 0x1e86, 1},
	{0x1e87, 0x1e87, 2},
	{0x1e88, 0x1e88, 1},
	{0x1e89, 0x1e89, 2},
	{0x1e8a, 0x1e8a, 1},
	{0x1e8b, 0x1e8b, 2},
	{0x1e8c, 0x1e8c, 1},
	{0x1e8d, 0x1e8d, 2},
	{0x1e8e, 0x1e8e, 1},
	{0x1e8f, 0x1e8f, 2},
	{0x1e90, 0x1e90, 1},
	{0x1e91, 0x1e91, 2},
	{0x1e92, 0x1e92, 1},
	{0x1e93, 0x1e93, 2},
	{0x1e94, 0x1e94, 1},
	{0x1e95, 0x1e9d, 2},
	{0x1e9e, 0x1e9e, 1},
	{0x1e9f, 0x1e9f, 2},
	{0x1ea0, 0x1ea0, 1},
	{0x1ea1, 0x1ea1, 2},
	{0x1ea2, 0x1ea2, 1},
	{0x1ea3, 0x1ea3, 2},
	{0x1ea4, 0x1ea4, 1},
	{0x1ea5, 0x1ea5, 2},
	{0x1ea6, 0x1ea6, 1},
	{0x1ea7, 0x1ea7, 2},
	{0x1ea8, 0x1ea8, 1},
	{0x1ea9, 0x1ea9, 2},
	{0x1eaa, 0x1eaa, 1},
	{0x1eab, 0x1eab, 2},
	{0x1eac, 0x1eac, 1},
	{0x1ead, 0x1ead, 2},
	{0x1eae, 0x1eae, 1},
	{0x1eaf, 0x1eaf, 2},
	{0x1eb0, 0x1eb0, 1},
	{0x1eb1, 0x1eb1, 2},
	{0x1eb2, 0x1eb2, 1},
	{0x1eb3, 0x1eb3, 2},
	{0x1eb4, 0x1eb4, 1},
	{0x1eb5, 0x1eb5, 2},
	{0x1eb6, 0x1eb6, 1},
	{0x1eb7, 0x1eb7, 2},
	{0x1eb8, 0x1eb8, 1},
	{0x1eb9, 0x1eb9, 2},
	{0x1eba, 0x1eba, 1},
	{0x1ebb, 0x1ebb, 2},
	{0x1ebc, 0x1ebc, 1},
	{0x1ebd, 0x1ebd, 2},
	{0x1ebe, 0x1ebe, 1},
	{0x1ebf, 0x1ebf, 2},
	{0x1ec0, 0x1ec0, 1},
	{0x1ec1, 0x1ec1, 2},
	{0x1ec2, 0x1ec2, 1},
	{0x1ec3, 0x1ec3, 2},
	{0x1ec4, 0x1ec4, 1},
	{0x1ec5, 0x1ec5, 2},
	{0x1ec6, 0x1ec6, 1},
	{0x1ec7, 0x1ec7, 2},
	{0x1ec8, 0x1ec8, 1},
	{0x1ec9, 0x1ec9, 2},
	{0x1eca, 0x1eca, 1},
	{0x1ecb, 0x1ecb, 2},
	{0x1ecc, 0x1ecc, 1},
	{0x1ecd, 0x1ecd, 2},
	{0x1ece, 0x1ece, 1},
	{0x1ecf, 0x1ecf, 2},
	{0x1ed0, 0x1ed0, 1},
	{0x1ed1, 0x1ed1, 2},
	{0x1ed2, 0x1ed2, 1},
	{0x1ed3, 0x1ed3, 2},
	{0x1ed4, 0x1ed4, 1},
	{0x1ed5, 0x1ed5, 2},
	{0x1ed6, 0x1ed6, 1},
	{0x1ed7, 0x1ed7, 2},
	{0x1ed8, 0x1ed8, 1},
	{0x1ed9, 0x1ed9, 2},
	{0x1eda, 0x1eda, 1},
	{0x1edb, 0x1edb, 2},
	{0x1edc, 0x1edc, 1},
	{0x1edd, 0x1edd, 2},
	{0x1ede, 0x1ede, 1},
	{0x1edf, 0x1edf, 2},
	{0x1ee0, 0x1ee0, 1},
	{0x1ee1, 0x1ee1, 2},
	{0x1ee2, 0x1ee2, 1},
	{0x1ee3, 0x1ee3, 2},
	{0x1ee4, 0x1ee4, 1},
	{0x1ee5, 0x1ee5, 2},
	{0x1ee6, 0x1ee6, 1},
	{0x1ee7, 0x1ee7, 2},
	{0x1ee8, 0x1ee8, 1},
	{0x1ee9, 0x1ee9, 2},
	{0x1eea, 0x1eea, 1},
	{0x1eeb, 0x1eeb, 2},
	{0x1eec, 0x1eec, 1},
	{0x1eed, 0x1eed, 2},
	{0x1eee, 0x1eee, 1},
	{0x1eef, 0x1eef, 2},
	{0x1ef0, 0x1ef0, 1},
	{0x1ef1, 0x1ef1, 2},
	{0x1ef2, 0x1ef2, 1},
	{0x1ef3, 0x1ef3, 2},
	{0x1ef4, 0x1ef4, 1},
	{0x1ef5, 0x1ef5, 2},
	{0x1ef6, 0x1ef6, 1},
	{0x1ef7, 0x1ef7, 2},
	{0x1ef8, 0x1ef8, 1},
	{0x1ef9, 0x1ef9, 2},
	{0x1efa, 0x1efa, 1},
	{0x1efb, 0x1efb, 2},
	{0x1efc, 0x1efc, 1},
	{0x1efd, 0x1efd, 2},
	{0x1efe, 0x1efe, 1},
	{0x1eff, 0x1f07, 2},
	{0x1f08, 0x1f0f, 1},
	{0x1f10, 0x1f15, 2},
	{0x1f18, 0x1f1d, 1},
	{0x1f20, 0x1f27, 2},
	{0x1f28, 0x1f2f, 1},
	{0x1f30, 0x1f37, 2},
	{0x1f38, 0x1f3f, 1},
	{0x1f40, 0x1f45, 2},
	{0x1f48, 0x1f4d, 1},
	{0x1f50, 0x1f57, 2},
	{0x1f59, 0x1f59, 1},
	{0x1f5b, 0x1f5b, 1},
	{0x1f5d, 0x1f5d, 1},
	{0x1f5f, 0x1f5f, 1},
	{0x1f60, 0x1f67, 2},
	{0x1f68, 0x1f6f, 1},
	{0x1f70, 0x1f7d, 2},
	{0x1f80, 0x1f87, 2},
	{0x1f88, 0x1f8f, 3},
	{0x1f90, 0x1f97, 2},
	{0x1f98, 0x1f9f, 3},
	{0x1fa0, 0x1fa7, 2},
	{0x1fa8, 0x1faf, 3},
	{0x1fb0, 0x1fb4, 2},
	{0x1fb6, 0x1fb7, 2},
	{0x1fb8, 0x1fbb, 1},
	{0x1fbc, 0x1fbc, 3},
	{0x1fbd, 0x1fbd, 27},
	{0x1fbe, 0x1fbe, 2},
	{0x1fbf, 0x1fc1, 27},
	{0x1fc2, 0x1fc4, 2},
	{0x1fc6, 0x1fc7, 2},
	{0x1fc8, 0x1fcb, 1},
	{0x1fcc, 0x1fcc, 3},
	{0x1fcd, 0x1fcf, 27},
	{0x1fd0, 0x1fd3, 2},
	{0x1fd6, 0x1fd7, 2},
	{0x1fd8, 0x1fdb, 1},
	{0x1fdd, 0x1fdf, 27},
	{0x1fe0, 0x1fe7, 2},
	{0x1fe8, 0x1fec, 1},
	{0x1fed, 0x1fef, 27},
	{0x1ff2, 0x1ff4, 2},
	{0x1ff6, 0x1ff7, 2},
	{0x1ff8, 0x1ffb, 1},
	{0x1ffc, 0x1ffc, 3},
	{0x1ffd, 0x1ffe, 27},
	{0x2000, 0x200a, 12},
	{0x200b, 0x200f, 16},
	{0x2010, 0x2015, 20},
	{0x2016, 0x2017, 24},
	{0x2018, 0x2018, 29},
	{0x2019, 0x2019, 30},
	{0x201a, 0x201a, 21},
	{0x201b, 0x201c, 29},
	{0x201d, 0x201d, 30},
	{0x201e, 0x201e, 21},
	{0x201f, 0x201f, 29},
	{0x2020, 0x2027, 24},
	{0x2028, 0x2028, 13},
	{0x2029, 0x2029, 14},
	{0x202a, 0x202e, 16},
	{0x202f, 0x202f, 12},
	{0x2030, 0x2038, 24},
	{0x2039, 0x2039, 29},
	{0x203a, 0x203a, 30},
	{0x203b, 0x203e, 24},
	{0x203f, 0x2040, 23},
	{0x2041, 0x2043, 24},
	{0x2044, 0x2044, 25},
	{0x2045, 0x2045, 21},
	{0x2046, 0x2046, 22},
	{0x2047, 0x2051, 24},
	{0x2052, 0x2052, 25},
	{0x2053, 0x2053, 24},
	{0x2054, 0x2054, 23},
	{0x2055, 0x205e, 24},
	{0x205f, 0x205f, 12},
	{0x2060, 0x2064, 16},
	{0x2066, 0x206f, 16},
	{0x2070, 0x2070, 11},
	{0x2071, 0x2071, 4},
	{0x2074, 0x2079, 11},
	{0x207a, 0x207c, 25},
	{0x207d, 0x207d, 21},
	{0x207e, 0x207e, 22},
	{0x207f, 0x207f, 4},
	{0x2080, 0x2089, 11},
	{0x208a, 0x208c, 25},
	{0x208d, 0x208d, 21},
	{0x208e, 0x208e, 22},
	{0x2090, 0x209c, 4},
	{0x20a0, 0x20c0, 26},
	{0x20d0, 0x20dc, 6},
	{0x20dd, 0x20e0, 7},
	{0x20e1, 0x20e1, 6},
	{0x20e2, 0x20e4, 7},
	{0x20e5, 0x20f0, 6},
	{0x2100, 0x2101, 28},
	{0x2102, 0x2102, 1},
	{0x2103, 0x2106, 28},
	{0x2107, 0x2107, 1},
	{0x2108, 0x2109, 28},
	{0x210a, 0x210a, 2},
	{0x210b, 0x210d, 1},
	{0x210e, 0x210f, 2},
	{0x2110, 0x2112, 1},
	{0x2113, 0x2113, 2},
	{0x2114, 0x2114, 28},
	{0x2115, 0x2115, 1},
	{0x2116, 0x2117, 28},
	{0x2118, 0x2118, 25},
	{0x2119, 0x211d, 1},
	{0x211e, 0x2123, 28},
	{0x2124, 0x2124, 1},
	{0x2125, 0x2125, 28},
	{0x2126, 0x2126, 1},
	{0x2127, 0x2127, 28},
	{0x2128, 0x2128, 1},
	{0x2129, 0x2129, 28},
	{0x212a, 0x212d, 1},
	{0x212e, 0x212e, 28},
	{0x212f, 0x212f, 2},
	{0x2130, 0x2133, 1},
	{0x2134, 0x2134, 2},
	{0x2135, 0x2138, 5},
	{0x2139, 0x2139, 2},
	{0x213a, 0x213b, 28},
	{0x213c, 0x213d, 2},
	{0x213e, 0x213f, 1},
	{0x2140, 0x2144, 25},
	{0x2145, 0x2145, 1},
	{0x2146, 0x2149, 2},
	{0x214a, 0x214a, 28},
	{0x214b, 0x214b, 25},
	{0x214c, 0x214d, 28},
	{0x214e, 0x214e, 2},
	{0x214f, 0x214f, 28},
	{0x2150, 0x215f, 11},
	{0x2160, 0x2182, 10},
	{0x2183, 0x2183, 1},
	{0x2184, 0x2184, 2},
	{0x2185, 0x2188, 10},
	{0x2189, 0x2189, 11},
	{0x218a, 0x218b, 28},
	{0x2190, 0x2194, 25},
	{0x2195, 0x2199, 28},
	{0x219a, 0x219b, 25},
	{0x219c, 0x219f, 28},
	{0x21a0, 0x21a0, 25},
	{0x21a1, 0x21a2, 28},
	{0x21a3, 0x21a3, 25},
	{0x21a4, 0x21a5, 28},
	{0x21a6, 0x21a6, 25},
	{0x21a7, 0x21ad, 28},
	{0x21ae, 0x21ae, 25},
	{0x21af, 0x21cd, 28},
	{0x21ce, 0x21cf, 25},
	{0x21d0, 0x21d1, 28},
	{0x21d2, 0x21d2, 25},
	{0x21d3, 0x21d3, 28},
	{0x21d4, 0x21d4, 25},
	{0x21d5, 0x21f3, 28},
	{0x21f4, 0x22ff, 25},
	{0x2300, 0x2307, 28},
	{0x2308, 0x2308, 21},
	{0x2309, 0x2309, 22},
	{0x230a, 0x230a, 21},
	{0x230b, 0x230b, 22},
	{0x230c, 0x231f, 28},
	{0x2320, 0x2321, 25},
	{0x2322, 0x2328, 28},
	{0x2329, 0x2329, 21},
	{0x232a, 0x232a, 22},
	{0x232b, 0x237b, 28},
	{0x237c, 0x237c, 25},
	{0x237d, 0x239a, 28},
	{0x239b, 0x23b3, 25},
	{0x23b4, 0x23db, 28},
	{0x23dc, 0x23e1, 25},
	{0x23e2, 0x2426, 28},
	{0x2440, 0x244a, 28},
	{0x2460, 0x249b, 11},
	{0x249c, 0x24e9, 28},
	{0x24ea, 0x24ff, 11},
	{0x2500, 0x25b6, 28},
	{0x25b7, 0x25b7, 25},
	{0x25b8, 0x25c0, 28},
	{0x25c1, 0x25c1, 25},
	{0x25c2, 0x25f7, 28},
	{0x25f8, 0x25ff, 25},
	{0x2600, 0x266e, 28},
	{0x266f, 0x266f, 25},
	{0x2670, 0x2767, 28},
	{0x2768, 0x2768, 21},
	{0x2769, 0x2769, 22},
	{0x276a, 0x276a, 21},
	{0x276b, 0x276b, 22},
	{0x276c, 0x276c, 21},
	{0x276d, 0x276d, 22},
	{0x276e, 0x276e, 21},
	{0x276f, 0x276f, 22},
	{0x2770, 0x2770, 21},
	{0x2771, 0x2771, 22},
	{0x2772, 0x2772, 21},
	{0x2773, 0x2773, 22},
	{0x2774, 0x2774, 21},
	{0x2775, 0x2775, 22},
	{0x2776, 0x2793, 11},
	{0x2794, 0x27bf, 28},
	{0x27c0, 0x27c4, 25},
	{0x27c5, 0x27c5, 21},
	{0x27c6, 0x27c6, 22},
	{0x27c7, 0x27e5, 25},
	{0x27e6, 0x27e6, 21},
	{0x27e7, 0x27e7, 22},
	{0x27e8, 0x27e8, 21},
	{0x27e9, 0x27e9, 22},
	{0x27ea, 0x27ea, 21},
	{0x27eb, 0x27eb, 22},
	{0x27ec, 0x27ec, 21},
	{0x27ed, 0x27ed, 22},
	{0x27ee, 0x27ee, 21},
	{0x27ef, 0x27ef, 22},
	{0x27f0, 0x27ff, 25},
	{0x2800, 0x28ff, 28},
	{0x2900, 0x2982, 25},
	{0x2983, 0x2983, 21},
	{0x2984, 0x2984, 22},
	{0x2985, 0x2985, 21},
	{0x2986, 0x2986, 22},
	{0x2987, 0x2987, 21},
	{0x2988, 0x2988, 22},
	{0x2989, 0x2989, 21},
	{0x298a, 0x298a, 22},
	{0x298b, 0x298b, 21},
	{0x298c, 0x298c, 22},
	{0x298d, 0x298d, 21},
	{0x298e, 0x298e, 22},
	{0x298f, 0x298f, 21},
	{0x2990, 0x2990, 22},
	{0x2991, 0x2991, 21},
	{0x2992, 0x2992, 22},
	{0x2993, 0x2993, 21},
	{0x2994, 0x2994, 22},
	{0x2995, 0x2995, 21},
	{0x2996, 0x2996, 22},
	{0x2997, 0x2997, 21},
	{0x2998, 0x2998, 22},
	{0x2999, 0x29d7, 25},
	{0x29d8, 0x29d8, 21},
	{0x29d9, 0x29d9, 22},
	{0x29da, 0x29da, 21},
	{0x29db, 0x29db, 22},
	{0x29dc, 0x29fb, 25},
	{0x29fc, 0x29fc, 21},
	{0x29fd, 0x29fd, 22},
	{0x29fe, 0x2aff, 25},
	{0x2b00, 0x2b2f, 28},
	{0x2b30, 0x2b44, 25},
	{0x2b45, 0x2b46, 28},
	{0x2b47, 0x2b4c, 25},
	{0x2b4d, 0x2b73, 28},
	{0x2b76, 0x2b95, 28},
	{0x2b97, 0x2bff, 28},
	{0x2c00, 0x2c2f, 1},
	{0x2c30, 0x2c5f, 2},
	{0x2c60, 0x2c60, 1},
	{0x2c61, 0x2c61, 2},
	{0x2c62, 0x2c64, 1},
	{0x2c65, 0x2c66, 2},
	{0x2c67, 0x2c67, 1},
	{0x2c68, 0x2c68, 2},
	{0x2c69, 0x2c69, 1},
	{0x2c6a, 0x2c6a, 2},
	{0x2c6b, 0x2c6b, 1},
	{0x2c6c, 0x2c6c, 2},
	{0x2c6d, 0x2c70, 1},
	{0x2c71, 0x2c71, 2},
	{0x2c72, 0x2c72, 1},
	{0x2c73, 0x2c74, 2},
	{0x2c75, 0x2c75, 1},
	{0x2c76, 0x2c7b, 2},
	{0x2c7c, 0x2c7d, 4},
	{0x2c7e, 0x2c80, 1},
	{0x2c81, 0x2c81, 2},
	{0x2c82, 0x2c82, 1},
	{0x2c83, 0x2c83, 2},
	{0x2c84, 0x2c84, 1},
	{0x2c85, 0x2c85, 2},
	{0x2c86, 0x2c86, 1},
	{0x2c87, 0x2c87, 2},
	{0x2c88, 0x2c88, 1},
	{0x2c89, 0x2c89, 2},
	{0x2c8a, 0x2c8a, 1},
	{0x2c8b, 0x2c8b, 2},
	{0x2c8c, 0x2c8c, 1},
	{0x2c8d, 0x2c8d, 2},
	{0x2c8e, 0x2c8e, 1},
	{0x2c8f, 0x2c8f, 2},
	{0x2c90, 0x2c90, 1},
	{0x2c91, 0x2c91, 2},
	{0x2c92, 0x2c92, 1},
	{0x2c93, 0x2c93, 2},
	{0x2c94, 0x2c94, 1},
	{0x2c95, 0x2c95, 2},
	{0x2c96, 0x2c96, 1},
	{0x2c97, 0x2c97, 2},
	{0x2c98, 0x2c98, 1},
	{0x2c99, 0x2c99, 2},
	{0x2c9a, 0x2c9a, 1},
	{0x2c9b, 0x2c9b, 2},
	{0x2c9c, 0x2c9c, 1},
	{0x2c9d, 0x2c9d, 2},
	{0x2c9e, 0x2c9e, 1},
	{0x2c9f, 0x2c9f, 2},
	{0x2ca0, 0x2ca0, 1},
	{0x2ca1, 0x2ca1, 2},
	{0x2ca2, 0x2ca2, 1},
	{0x2ca3, 0x2ca3, 2},
	{0x2ca4, 0x2ca4, 1},
	{0x2ca5, 0x2ca5, 2},
	{0x2ca6, 0x2ca6, 1},
	{0x2ca7, 0x2ca7, 2},
	{0x2ca8, 0x2ca8, 1},
	{0x2ca9, 0x2ca9, 2},
	{0x2caa, 0x2caa, 1},
	{0x2cab, 0x2cab, 2},
	{0x2cac, 0x2cac, 1},
	{0x2cad, 0x2cad, 2},
	{0x2cae, 0x2cae, 1},
	{0x2caf, 0x2caf, 2},
	{0x2cb0, 0x2cb0, 1},
	{0x2cb1, 0x2cb1, 2},
	{0x2cb2, 0x2cb2, 1},
	{0x2cb3, 0x2cb3, 2},
	{0x2cb4, 0x2cb4, 1},
	{0x2cb5, 0x2cb5, 2},
	{0x2cb6, 0x2cb6, 1},
	{0x2cb7, 0x2cb7, 2},
	{0x2cb8, 0x2cb8, 1},
	{0x2cb9, 0x2cb9, 2},
	{0x2cba, 0x2cba, 1},
	{0x2cbb, 0x2cbb, 2},
	{0x2cbc, 0x2cbc, 1},
	{0x2cbd, 0x2cbd, 2},
	{0x2cbe, 0x2cbe, 1},
	{0x2cbf, 0x2cbf, 2},
	{0x2cc0, 0x2cc0, 1},
	{0x2cc1, 0x2cc1, 2},
	{0x2cc2, 0x2cc2, 1},
	{0x2cc3, 0x2cc3, 2},
	{0x2cc4, 0x2cc4, 1},
	{0x2cc5, 0x2cc5, 2},
	{0x2cc6, 0x2cc6, 1},
	{0x2cc7, 0x2cc7, 2},
	{0x2cc8, 0x2cc8, 1},
	{0x2cc9, 0x2cc9, 2},
	{0x2cca, 0x2cca, 1},
	{0x2ccb, 0x2ccb, 2},
	{0x2ccc, 0x2ccc, 1},
	{0x2ccd, 0x2ccd, 2},
	{0x2cce, 0x2cce, 1},
	{0x2ccf, 0x2ccf, 2},
	{0x2cd0, 0x2cd0, 1},
	{0x2cd1, 0x2cd1, 2},
	{0x2cd2, 0x2cd2, 1},
	{0x2cd3, 0x2cd3, 2},
	{0x2cd4, 0x2cd4, 1},
	{0x2cd5, 0x2cd5, 2},
	{0x2cd6, 0x2cd6, 1},
	{0x2cd7, 0x2cd7, 2},
	{0x2cd8, 0x2cd8, 1},
	{0x2cd9, 0x2cd9, 2},
	{0x2cda, 0x2cda, 1},
	{0x2cdb, 0x2cdb, 2},
	{0x2cdc, 0x2cdc, 1},
	{0x2cdd, 0x2cdd, 2},
	{0x2cde, 0x2cde, 1},
	{0x2cdf, 0x2cdf, 2},
	{0x2ce0, 0x2ce0, 1},
	{0x2ce1, 0x2ce1, 2},
	{0x2ce2, 0x2ce2, 1},
	{0x2ce3, 0x2ce4, 2},
	{0x2ce5, 0x2cea, 28},
	{0x2ceb, 0x2ceb, 1},
	{0x2cec, 0x2cec, 2},
	{0x2ced, 0x2ced, 1},
	{0x2cee, 0x2cee, 2},
	{0x2cef, 0x2cf1, 6},
	{0x2cf2, 0x2cf2, 1},
	{0x2cf3, 0x2cf3, 2},
	{0x2cf9, 0x2cfc, 24},
	{0x2cfd, 0x2cfd, 11},
	{0x2cfe, 0x2cff, 24},
	{0x2d00, 0x2d25, 2},
	{0x2d27, 0x2d27, 2},
	{0x2d2d, 0x2d2d, 2},
	{0x2d30, 0x2d67, 5},
	{0x2d6f, 0x2d6f, 4},
	{0x2d70, 0x2d70, 24},
	{0x2d7f, 0x2d7f, 6},
	{0x2d80, 0x2d96, 5},
	{0x2da0, 0x2da6, 5},
	{0x2da8, 0x2dae, 5},
	{0x2db0, 0x2db6, 5},
	{0x2db8, 0x2dbe, 5},
	{0x2dc0, 0x2dc6, 5},
	{0x2dc8, 0x2dce, 5},
	{0x2dd0, 0x2dd6, 5},
	{0x2dd8, 0x2dde, 5},
	{0x2de0, 0x2dff, 6},
	{0x2e00, 0x2e01, 24},
	{0x2e02, 0x2e02, 29},
	{0x2e03, 0x2e03, 30},
	{0x2e04, 0x2e04, 29},
	{0x2e05, 0x2e05, 30},
	{0x2e06, 0x2e08, 24},
	{0x2e09, 0x2e09, 29},
	{0x2e0a, 0x2e0a, 30},
	{0x2e0b, 0x2e0b, 24},
	{0x2e0c, 0x2e0c, 29},
	{0x2e0d, 0x2e0d, 30},
	{0x2e0e, 0x2e16, 24},
	{0x2e17, 0x2e17, 20},
	{0x2e18, 0x2e19, 24},
	{0x2e1a, 0x2e1a, 20},
	{0x2e1b, 0x2e1b, 24},
	{0x2e1c, 0x2e1c, 29},
	{0x2e1d, 0x2e1d, 30},
	{0x2e1e, 0x2e1f, 24},
	{0x2e20, 0x2e20, 29},
	{0x2e21, 0x2e21, 30},
	{0x2e22, 0x2e22, 21},
	{0x2e23, 0x2e23, 22},
	{0x2e24, 0x2e24, 21},
	{0x2e25, 0x2e25, 22},
	{0x2e26, 0x2e26, 21},
	{0x2e27, 0x2e27, 22},
	{0x2e28, 0x2e28, 21},
	{0x2e29, 0x2e29, 22},
	{0x2e2a, 0x2e2e, 24},
	{0x2e2f, 0x2e2f, 4},
	{0x2e30, 0x2e39, 24},
	{0x2e3a, 0x2e3b, 20},
	{0x2e3c, 0x2e3f, 24},
	{0x2e40, 0x2e40, 20},
	{0x2e41, 0x2e41, 24},
	{0x2e42, 0x2e42, 21},
	{0x2e43, 0x2e4f, 24},
	{0x2e50, 0x2e51, 28},
	{0x2e52, 0x2e54, 24},
	{0x2e55, 0x2e55, 21},
	{0x2e56, 0x2e56, 22},
	{0x2e57, 0x2e57, 21},
	{0x2e58, 0x2e58, 22},
	{0x2e59, 0x2e59, 21},
	{0x2e5a, 0x2e5a, 22},
	{0x2e5b, 0x2e5b, 21},
	{0x2e5c, 0x2e5c, 22},
	{0x2e5d, 0x2e5d, 20},
	{0x2e80, 0x2e99, 28},
	{0x2e9b, 0x2ef3, 28},
	{0x2f00, 0x2fd5, 28},
	{0x2ff0, 0x2ffb, 28},
	{0x3000, 0x3000, 12},
	{0x3001, 0x3003, 24},
	{0x3004, 0x3004, 28},
	{0x3005, 0x3005, 4},
	{0x3006, 0x3006, 5},
	{0x3007, 0x3007, 10},
	{0x3008, 0x3008, 21},
	{0x3009, 0x3009, 22},
	{0x300a, 0x300a, 21},
	{0x300b, 0x300b, 22},
	{0x300c, 0x300c, 21},
	{0x300d, 0x300d, 22},
	{0x300e, 0x300e, 21},
	{0x300f, 0x300f, 22},
	{0x3010, 0x3010, 21},
	{0x3011, 0x3011, 22},
	{0x3012, 0x3013, 28},
	{0x3014, 0x3014, 21},
	{0x3015, 0x3015, 22},
	{0x3016, 0x3016, 21},
	{0x3017, 0x3017, 22},
	{0x3018, 0x3018, 21},
	{0x3019, 0x3019, 22},
	{0x301a, 0x301a, 21},
	{0x301b, 0x301b, 22},
	{0x301c, 0x301c, 20},
	{0x301d, 0x301d, 21},
	{0x301e, 0x301f, 22},
	{0x3020, 0x3020, 28},
	{0x3021, 0x3029, 10},
	{0x302a, 0x302d, 6},
	{0x302e, 0x302f, 8},
	{0x3030, 0x3030, 20},
	{0x3031, 0x3035, 4},
	{0x3036, 0x3037, 28},
	{0x3038, 0x303a, 10},
	{0x303b, 0x303b, 4},
	{0x303c, 0x303c, 5},
	{0x303d, 0x303d, 24},
	{0x303e, 0x303f, 28},
	{0x3041, 0x3096, 5},
	{0x3099, 0x309a, 6},
	{0x309b, 0x309c, 27},
	{0x309d, 0x309e, 4},
	{0x309f, 0x309f, 5},
	{0x30a0, 0x30a0, 20},
	{0x30a1, 0x30fa, 5},
	{0x30fb, 0x30fb, 24},
	{0x30fc, 0x30fe, 4},
	{0x30ff, 0x30ff, 5},
	{0x3105, 0x312f, 5},
	{0x3131, 0x318e, 5},
	{0x3190, 0x3191, 28},
	{0x3192, 0x3195, 11},
	{0x3196, 0x319f, 28},
	{0x31a0, 0x31bf, 5},
	{0x31c0, 0x31e3, 28},
	{0x31f0, 0x31ff, 5},
	{0x3200, 0x321e, 28},
	{0x3220, 0x3229, 11},
	{0x322a, 0x3247, 28},
	{0x3248, 0x324f, 11},
	{0x3250, 0x3250, 28},
	{0x3251, 0x325f, 11},
	{0x3260, 0x327f, 28},
	{0x3280, 0x3289, 11},
	{0x328a, 0x32b0, 28},
	{0x32b1, 0x32bf, 11},
	{0x32c0, 0x33ff, 28},
	{0x3400, 0x4dbf, 5},
	{0x4dc0, 0x4dff, 28},
	{0x4e00, 0xa014, 5},
	{0xa015, 0xa015, 4},
	{0xa016, 0xa48c, 5},
	{0xa490, 0xa4c6, 28},
	{0xa4d0, 0xa4f7, 5},
	{0xa4f8, 0xa4fd, 4},
	{0xa4fe, 0xa4ff, 24},
	{0xa500, 0xa60b, 5},
	{0xa60c, 0xa60c, 4},
	{0xa60d, 0xa60f, 24},
	{0xa610, 0xa61f, 5},
	{0xa620, 0xa629, 9},
	{0xa62a, 0xa62b, 5},
	{0xa640, 0xa640, 1},
	{0xa641, 0xa641, 2},
	{0xa642, 0xa642, 1},
	{0xa643, 0xa643, 2},
	{0xa644, 0xa644, 1},
	{0xa645, 0xa645, 2},
	{0xa646, 0xa646, 1},
	{0xa647, 0xa647, 2},
	{0xa648, 0xa648, 1},
	{0xa649, 0xa649, 2},
	{0xa64a, 0xa64a, 1},
	{0xa64b, 0xa64b, 2},
	{0xa64c, 0xa64c, 1},
	{0xa64d, 0xa64d, 2},
	{0xa64e, 0xa64e, 1},
	{0xa64f, 0xa64f, 2},
	{0xa650, 0xa650, 1},
	{0xa651, 0xa651, 2},
	{0xa652, 0xa652, 1},
	{0xa653, 0xa653, 2},
	{0xa654, 0xa654, 1},
	{0xa655, 0xa655, 2},
	{0xa656, 0xa656, 1},
	{0xa657, 0xa657, 2},
	{0xa658, 0xa658, 1},
	{0xa659, 0xa659, 2},
	{0xa65a, 0xa65a, 1},
	{0xa65b, 0xa65b, 2},
	{0xa65c, 0xa65c, 1},
	{0xa65d, 0xa65d, 2},
	{0xa65e, 0xa65e, 1},
	{0xa65f, 0xa65f, 2},
	{0xa660, 0xa660, 1},
	{0xa661, 0xa661, 2},
	{0xa662, 0xa662, 1},
	{0xa663, 0xa663, 2},
	{0xa664, 0xa664, 1},
	{0xa665, 0xa665, 2},
	{0xa666, 0xa666, 1},
	{0xa667, 0xa667, 2},
	{0xa668, 0xa668, 1},
	{0xa669, 0xa669, 2},
	{0xa66a, 0xa66a, 1},
	{0xa66b, 0xa66b, 2},
	{0xa66c, 0xa66c, 1},
	{0xa66d, 0xa66d, 2},
	{0xa66e, 0xa66e, 5},
	{0xa66f, 0xa66f, 6},
	{0xa670, 0xa672, 7},
	{0xa673, 0xa673, 24},
	{0xa674, 0xa67d, 6},
	{0xa67e, 0xa67e, 24},
	{0xa67f, 0xa67f, 4},
	{0xa680, 0xa680, 1},
	{0xa681, 0xa681, 2},
	{0xa682, 0xa682, 1},
	{0xa683, 0xa683, 2},
	{0xa684, 0xa684, 1},
	{0xa685, 0xa685, 2},
	{0xa686, 0xa686, 1},
	{0xa687, 0xa687, 2},
	{0xa688, 0xa688, 1},
	{0xa689, 0xa689, 2},
	{0xa68a, 0xa68a, 1},
	{0xa68b, 0xa68b, 2},
	{0xa68c, 0xa68c, 1},
	{0xa68d, 0xa68d, 2},
	{0xa68e, 0xa68e, 1},
	{0xa68f, 0xa68f, 2},
	{0xa690, 0xa690, 1},
	{0xa691, 0xa691, 2},
	{0xa692, 0xa692, 1},
	{0xa693, 0xa693, 2},
	{0xa694, 0xa694, 1},
	{0xa695, 0xa695, 2},
	{0xa696, 0xa696, 1},
	{0xa697, 0xa697, 2},
	{0xa698, 0xa698, 1},
	{0xa699, 0xa699, 2},
	{0xa69a, 0xa69a, 1},
	{0xa69b, 0xa69b, 2},
	{0xa69c, 0xa69d, 4},
	{0xa69e, 0xa69f, 6},
	{0xa6a0, 0xa6e5, 5},
	{0xa6e6, 0xa6ef, 10},
	{0xa6f0, 0xa6f1, 6},
	{0xa6f2, 0xa6f7, 24},
	{0xa700, 0xa716, 27},
	{0xa717, 0xa71f, 4},
	{0xa720, 0xa721, 27},
	{0xa722, 0xa722, 1},
	{0xa723, 0xa723, 2},
	{0xa724, 0xa724, 1},
	{0xa725, 0xa725, 2},
	{0xa726, 0xa726, 1},
	{0xa727, 0xa727, 2},
	{0xa728, 0xa728, 1},
	{0xa729, 0xa729, 2},
	{0xa72a, 0xa72a, 1},
	{0xa72b, 0xa72b, 2},
	{0xa72c, 0xa72c, 1},
	{0xa72d, 0xa72d, 2},
	{0xa72e, 0xa72e, 1},
	{0xa72f, 0xa731, 2},
	{0xa732, 0xa732, 1},
	{0xa733, 0xa733, 2},
	{0xa734, 0xa734, 1},
	{0xa735, 0xa735, 2},
	{0xa736, 0xa736, 1},
	{0xa737, 0xa737, 2},
	{0xa738, 0xa738, 1},
	{0xa739, 0xa739, 2},
	{0xa73a, 0xa73a, 1},
	{0xa73b, 0xa73b, 2},
	{0xa73c, 0xa73c, 1},
	{0xa73d, 0xa73d, 2},
	{0xa73e, 0xa73e, 1},
	{0xa73f, 0xa73f, 2},
	{0xa740, 0xa740, 1},
	{0xa741, 0xa741, 2},
	{0xa742, 0xa742, 1},
	{0xa743, 0xa743, 2},
	{0xa744, 0xa744, 1},
	{0xa745, 0xa745, 2},
	{0xa746, 0xa746, 1},
	{0xa747, 0xa747, 2},
	{0xa748, 0xa748, 1},
	{0xa749, 0xa749, 2},
	{0xa74a, 0xa74a, 1},
	{0xa74b, 0xa74b, 2},
	{0xa74c, 0xa74c, 1},
	{0xa74d, 0xa74d, 2},
	{0xa74e, 0xa74e, 1},
	{0xa74f, 0xa74f, 2},
	{0xa750, 0xa750, 1},
	{0xa751, 0xa751, 2},
	{0xa752, 0xa752, 1},
	{0xa753, 0xa753, 2},
	{0xa754, 0xa754, 1},
	{0xa755, 0xa755, 2},
	{0xa756, 0xa756, 1},
	{0xa757, 0xa757, 2},
	{0xa758, 0xa758, 1},
	{0xa759, 0xa759, 2},
	{0xa75a, 0xa75a, 1},
	{0xa75b, 0xa75b, 2},
	{0xa75c, 0xa75c, 1},
	{0xa75d, 0xa75d, 2},
	{0xa75e, 0xa75e, 1},
	{0xa75f, 0xa75f, 2},
	{0xa760, 0xa760, 1},
	{0xa761, 0xa761, 2},
	{0xa762, 0xa762, 1},
	{0xa763, 0xa763, 2},
	{0xa764, 0xa764, 1},
	{0xa765, 0xa765, 2},
	{0xa766, 0xa766, 1},
	{0xa767, 0xa767, 2},
	{0xa768, 0xa768, 1},
	{0xa769, 0xa769, 2},
	{0xa76a, 0xa76a, 1},
	{0xa76b, 0xa76b, 2},
	{0xa76c, 0xa76c, 1},
	{0xa76d, 0xa76d, 2},
	{0xa76e, 0xa76e, 1},
	{0xa76f, 0xa76f, 2},
	{0xa770, 0xa770, 4},
	{0xa771, 0xa778, 2},
	{0xa779, 0xa779, 1},
	{0xa77a, 0xa77a, 2},
	{0xa77b, 0xa77b, 1},
	{0xa77c, 0xa77c, 2},
	{0xa77d, 0xa77e, 1},
	{0xa77f, 0xa77f, 2},
	{0xa780, 0xa780, 1},
	{0xa781, 0xa781, 2},
	{0xa782, 0xa782, 1},
	{0xa783, 0xa783, 2},
	{0xa784, 0xa784, 1},
	{0xa785, 0xa785, 2},
	{0xa786, 0xa786, 1},
	{0xa787, 0xa787, 2},
	{0xa788, 0xa788, 4},
	{0xa789, 0xa78a, 27},
	{0xa78b, 0xa78b, 1},
	{0xa78c, 0xa78c, 2},
	{0xa78d, 0xa78d, 1},
	{0xa78e, 0xa78e, 2},
	{0xa78f, 0xa78f, 5},
	{0xa790, 0xa790, 1},
	{0xa791, 0xa791, 2},
	{0xa792, 0xa792, 1},
	{0xa793, 0xa795, 2},
	{0xa796, 0xa796, 1},
	{0xa797, 0xa797, 2},
	{0xa798, 0xa798, 1},
	{0xa799, 0xa799, 2},
	{0xa79a, 0xa79a, 1},
	{0xa79b, 0xa79b, 2},
	{0xa79c, 0xa79c, 1},
	{0xa79d, 0xa79d, 2},
	{0xa79e, 0xa79e, 1},
	{0xa79f, 0xa79f, 2},
	{0xa7a0, 0xa7a0, 1},
	{0xa7a1, 0xa7a1, 2},
	{0xa7a2, 0xa7a2, 1},
	{0xa7a3, 0xa7a3, 2},
	{0xa7a4, 0xa7a4, 1},
	{0xa7a5, 0xa7a5, 2},
	{0xa7a6, 0xa7a6, 1},
	{0xa7a7, 0xa7a7, 2},
	{0xa7a8, 0xa7a8, 1},
	{0xa7a9, 0xa7a9, 2},
	{0xa7aa, 0xa7ae, 1},
	{0xa7af, 0xa7af, 2},
	{0xa7b0, 0xa7b4, 1},
	{0xa7b5, 0xa7b5, 2},
	{0xa7b6, 0xa7b6, 1},
	{0xa7b7, 0xa7b7, 2},
	{0xa7b8, 0xa7b8, 1},
	{0xa7b9, 0xa7b9, 2},
	{0xa7ba, 0xa7ba, 1},
	{0xa7bb, 0xa7bb, 2},
	{0xa7bc, 0xa7bc, 1},
	{0xa7bd, 0xa7bd, 2},
	{0xa7be, 0xa7be, 1},
	{0xa7bf, 0xa7bf, 2},
	{0xa7c0, 0xa7c0, 1},
	{0xa7c1, 0xa7c1, 2},
	{0xa7c2, 0xa7c2, 1},
	{0xa7c3, 0xa7c3, 2},
	{0xa7c4, 0xa7c7, 1},
	{0xa7c8, 0xa7c8, 2},
	{0xa7c9, 0xa7c9, 1},
	{0xa7ca, 0xa7ca, 2},
	{0xa7d0, 0xa7d0, 1},
	{0xa7d1, 0xa7d1, 2},
	{0xa7d3, 0xa7d3, 2},
	{0xa7d5, 0xa7d5, 2},
	{0xa7d6, 0xa7d6, 1},
	{0xa7d7, 0xa7d7, 2},
	{0xa7d8, 0xa7d8, 1},
	{0xa7d9, 0xa7d9, 2},
	{0xa7f2, 0xa7f4, 4},
	{0xa7f5, 0xa7f5, 1},
	{0xa7f6, 0xa7f6, 2},
	{0xa7f7, 0xa7f7, 5},
	{0xa7f8, 0xa7f9, 4},
	{0xa7fa, 0xa7fa, 2},
	{0xa7fb, 0xa801, 5},
	{0xa802, 0xa802, 6},
	{0xa803, 0xa805, 5},
	{0xa806, 0xa806, 6},
	{0xa807, 0xa80a, 5},
	{0xa80b, 0xa80b, 6},
	{0xa80c, 0xa822, 5},
	{0xa823, 0xa824, 8},
	{0xa825, 0xa826, 6},
	{0xa827, 0xa827, 8},
	{0xa828, 0xa82b, 28},
	{0xa82c, 0xa82c, 6},
	{0xa830, 0xa835, 11},
	{0xa836, 0xa837, 28},
	{0xa838, 0xa838, 26},
	{0xa839, 0xa839, 28},
	{0xa840, 0xa873, 5},
	{0xa874, 0xa877, 24},
	{0xa880, 0xa881, 8},
	{0xa882, 0xa8b3, 5},
	{0xa8b4, 0xa8c3, 8},
	{0xa8c4, 0xa8c5, 6},
	{0xa8ce, 0xa8cf, 24},
	{0xa8d0, 0xa8d9, 9},
	{0xa8e0, 0xa8f1, 6},
	{0xa8f2, 0xa8f7, 5},
	{0xa8f8, 0xa8fa, 24},
	{0xa8fb, 0xa8fb, 5},
	{0xa8fc, 0xa8fc, 24},
	{0xa8fd, 0xa8fe, 5},
	{0xa8ff, 0xa8ff, 6},
	{0xa900, 0xa909, 9},
	{0xa90a, 0xa925, 5},
	{0xa926, 0xa92d, 6},
	{0xa92e, 0xa92f, 24},
	{0xa930, 0xa946, 5},
	{0xa947, 0xa951, 6},
	{0xa952, 0xa953, 8},
	{0xa95f, 0xa95f, 24},
	{0xa960, 0xa97c, 5},
	{0xa980, 0xa982, 6},
	{0xa983, 0xa983, 8},
	{0xa984, 0xa9b2, 5},
	{0xa9b3, 0xa9b3, 6},
	{0xa9b4, 0xa9b5, 8},
	{0xa9b6, 0xa9b9, 6},
	{0xa9ba, 0xa9bb, 8},
	{0xa9bc, 0xa9bd, 6},
	{0xa9be, 0xa9c0, 8},
	{0xa9c1, 0xa9cd, 24},
	{0xa9cf, 0xa9cf, 4},
	{0xa9d0, 0xa9d9, 9},
	{0xa9de, 0xa9df, 24},
	{0xa9e0, 0xa9e4, 5},
	{0xa9e5, 0xa9e5, 6},
	{0xa9e6, 0xa9e6, 4},
	{0xa9e7, 0xa9ef, 5},
	{0xa9f0, 0xa9f9, 9},
	{0xa9fa, 0xa9fe, 5},
	{0xaa00, 0xaa28, 5},
	{0xaa29, 0xaa2e, 6},
	{0xaa2f, 0xaa30, 8},
	{0xaa31, 0xaa32, 6},
	{0xaa33, 0xaa34, 8},
	{0xaa35, 0xaa36, 6},
	{0xaa40, 0xaa42, 5},
	{0xaa43, 0xaa43, 6},
	{0xaa44, 0xaa4b, 5},
	{0xaa4c, 0xaa4c, 6},
	{0xaa4d, 0xaa4d, 8},
	{0xaa50, 0xaa59, 9},
	{0xaa5c, 0xaa5f, 24},
	{0xaa60, 0xaa6f, 5},
	{0xaa70, 0xaa70, 4},
	{0xaa71, 0xaa76, 5},
	{0xaa77, 0xaa79, 28},
	{0xaa7a, 0xaa7a, 5},
	{0xaa7b, 0xaa7b, 8},
	{0xaa7c, 0xaa7c, 6},
	{0xaa7d, 0xaa7d, 8},
	{0xaa7e, 0xaaaf, 5},
	{0xaab0, 0xaab0, 6},
	{0xaab1, 0xaab1, 5},
	{0xaab2, 0xaab4, 6},
	{0xaab5, 0xaab6, 5},
	{0xaab7, 0xaab8, 6},
	{0xaab9, 0xaabd, 5},
	{0xaabe, 0xaabf, 6},
	{0xaac0, 0xaac0, 5},
	{0xaac1, 0xaac1, 6},
	{0xaac2, 0xaac2, 5},
	{0xaadb, 0xaadc, 5},
	{0xaadd, 0xaadd, 4},
	{0xaade, 0xaadf, 24},
	{0xaae0, 0xaaea, 5},
	{0xaaeb, 0xaaeb, 8},
	{0xaaec, 0xaaed, 6},
	{0xaaee, 0xaaef, 8},
	{0xaaf0, 0xaaf1, 24},
	{0xaaf2, 0xaaf2, 5},
	{0xaaf3, 0xaaf4, 4},
	{0xaaf5, 0xaaf5, 8},
	{0xaaf6, 0xaaf6, 6},
	{0xab01, 0xab06, 5},
	{0xab09, 0xab0e, 5},
	{0xab11, 0xab16, 5},
	{0xab20, 0xab26, 5},
	{0xab28, 0xab2e, 5},
	{0xab30, 0xab5a, 2},
	{0xab5b, 0xab5b, 27},
	{0xab5c, 0xab5f, 4},
	{0xab60, 0xab68, 2},
	{0xab69, 0xab69, 4},
	{0xab6a, 0xab6b, 27},
	{0xab70, 0xabbf, 2},
	{0xabc0, 0xabe2, 5},
	{0xabe3, 0xabe4, 8},
	{0xabe5, 0xabe5, 6},
	{0xabe6, 0xabe7, 8},
	{0xabe8, 0xabe8, 6},
	{0xabe9, 0xabea, 8},
	{0xabeb, 0xabeb, 24},
	{0xabec, 0xabec, 8},
	{0xabed, 0xabed, 6},
	{0xabf0, 0xabf9, 9},
	{0xac00, 0xd7a3, 5},
	{0xd7b0, 0xd7c6, 5},
	{0xd7cb, 0xd7fb, 5},
	{0xd800, 0xdfff, 19},
	{0xe000, 0xf8ff, 18},
	{0xf900, 0xfa6d, 5},
	{0xfa70, 0xfad9, 5},
	{0xfb00, 0xfb06, 2},
	{0xfb13, 0xfb17, 2},
	{0xfb1d, 0xfb1d, 5},
	{0xfb1e, 0xfb1e, 6},
	{0xfb1f, 0xfb28, 5},
	{0xfb29, 0xfb29, 25},
	{0xfb2a, 0xfb36, 5},
	{0xfb38, 0xfb3c, 5},
	{0xfb3e, 0xfb3e, 5},
	{0xfb40, 0xfb41, 5},
	{0xfb43, 0xfb44, 5},
	{0xfb46, 0xfbb1, 5},
	{0xfbb2, 0xfbc2, 27},
	{0xfbd3, 0xfd3d, 5},
	{0xfd3e, 0xfd3e, 22},
	{0xfd3f, 0xfd3f, 21},
	{0xfd40, 0xfd4f, 28},
	{0xfd50, 0xfd8f, 5},
	{0xfd92, 0xfdc7, 5},
	{0xfdcf, 0xfdcf, 28},
	{0xfdf0, 0xfdfb, 5},
	{0xfdfc, 0xfdfc, 26},
	{0xfdfd, 0xfdff, 28},
	{0xfe00, 0xfe0f, 6},
	{0xfe10, 0xfe16, 24},
	{0xfe17, 0xfe17, 21},
	{0xfe18, 0xfe18, 22},
	{0xfe19, 0xfe19, 24},
	{0xfe20, 0xfe2f, 6},
	{0xfe30, 0xfe30, 24},
	{0xfe31, 0xfe32, 20},
	{0xfe33, 0xfe34, 23},
	{0xfe35, 0xfe35, 21},
	{0xfe36, 0xfe36, 22},
	{0xfe37, 0xfe37, 21},
	{0xfe38, 0xfe38, 22},
	{0xfe39, 0xfe39, 21},
	{0xfe3a, 0xfe3a, 22},
	{0xfe3b, 0xfe3b, 21},
	{0xfe3c, 0xfe3c, 22},
	{0xfe3d, 0xfe3d, 21},
	{0xfe3e, 0xfe3e, 22},
	{0xfe3f, 0xfe3f, 21},
	{0xfe40, 0xfe40, 22},
	{0xfe41, 0xfe41, 21},
	{0xfe42, 0xfe42, 22},
	{0xfe43, 0xfe43, 21},
	{0xfe44, 0xfe44, 22},
	{0xfe45, 0xfe46, 24},
	{0xfe47, 0xfe47, 21},
	{0xfe48, 0xfe48, 22},
	{0xfe49, 0xfe4c, 24},
	{0xfe4d, 0xfe4f, 23},
	{0xfe50, 0xfe52, 24},
	{0xfe54, 0xfe57, 24},
	{0xfe58, 0xfe58, 20},
	{0xfe59, 0xfe59, 21},
	{0xfe5a, 0xfe5a, 22},
	{0xfe5b, 0xfe5b, 21},
	{0xfe5c, 0xfe5c, 22},
	{0xfe5d, 0xfe5d, 21},
	{0xfe5e, 0xfe5e, 22},
	{0xfe5f, 0xfe61, 24},
	{0xfe62, 0xfe62, 25},
	{0xfe63, 0xfe63, 20},
	{0xfe64, 0xfe66, 25},
	{0xfe68, 0xfe68, 24},
	{0xfe69, 0xfe69, 26},
	{0xfe6a, 0xfe6b, 24},
	{0xfe70, 0xfe74, 5},
	{0xfe76, 0xfefc, 5},
	{0xfeff, 0xfeff, 16},
	{0xff01, 0xff03, 24},
	{0xff04, 0xff04, 26},
	{0xff05, 0xff07, 24},
	{0xff08, 0xff08, 21},
	{0xff09, 0xff09, 22},
	{0xff0a, 0xff0a, 24},
	{0xff0b, 0xff0b, 25},
	{0xff0c, 0xff0c, 24},
	{0xff0d, 0xff0d, 20},
	{0xff0e, 0xff0f, 24},
	{0xff10, 0xff19, 9},
	{0xff1a, 0xff1b, 24},
	{0xff1c, 0xff1e, 25},
	{0xff1f, 0xff20, 24},
	{0xff21, 0xff3a, 1},
	{0xff3b, 0xff3b, 21},
	{0xff3c, 0xff3c, 24},
	{0xff3d, 0xff3d, 22},
	{0xff3e, 0xff3e, 27},
	{0xff3f, 0xff3f, 23},
	{0xff40, 0xff40, 27},
	{0xff41, 0xff5a, 2},
	{0xff5b, 0xff5b, 21},
	{0xff5c, 0xff5c, 25},
	{0xff5d, 0xff5d, 22},
	{0xff5e, 0xff5e, 25},
	{0xff5f, 0xff5f, 21},
	{0xff60, 0xff60, 22},
	{0xff61, 0xff61, 24},
	{0xff62, 0xff62, 21},
	{0xff63, 0xff63, 22},
	{0xff64, 0xff65, 24},
	{0xff66, 0xff6f, 5},
	{0xff70, 0xff70, 4},
	{0xff71, 0xff9d, 5},
	{0xff9e, 0xff9f, 4},
	{0xffa0, 0xffbe, 5},
	{0xffc2, 0xffc7, 5},
	{0xffca, 0xffcf, 5},
	{0xffd2, 0xffd7, 5},
	{0xffda, 0xffdc, 5},
	{0xffe0, 0xffe1, 26},
	{0xffe2, 0xffe2, 25},
	{0xffe3, 0xffe3, 27},
	{0xffe4, 0xffe4, 28},
	{0xffe5, 0xffe6, 26},
	{0xffe8, 0xffe8, 28},
	{0xffe9, 0xffec, 25},
	{0xffed, 0xffee, 28},
	{0xfff9, 0xfffb, 16},
	{0xfffc, 0xfffd, 28},
	{0x10000, 0x1000b, 5},
	{0x1000d, 0x10026, 5},
	{0x10028, 0x1003a, 5},
	{0x1003c, 0x1003d, 5},
	{0x1003f, 0x1004d, 5},
	{0x10050, 0x1005d, 5},
	{0x10080, 0x100fa, 5},
	{0x10100, 0x10102, 24},
	{0x10107, 0x10133, 11},
	{0x10137, 0x1013f, 28},
	{0x10140, 0x10174, 10},
	{0x10175, 0x10178, 11},
	{0x10179, 0x10189, 28},
	{0x1018a, 0x1018b, 11},
	{0x1018c, 0x1018e, 28},
	{0x10190, 0x1019c, 28},
	{0x101a0, 0x101a0, 28},
	{0x101d0, 0x101fc, 28},
	{0x101fd, 0x101fd, 6},
	{0x10280, 0x1029c, 5},
	{0x102a0, 0x102d0, 5},
	{0x102e0, 0x102e0, 6},
	{0x102e1, 0x102fb, 11},
	{0x10300, 0x1031f, 5},
	{0x10320, 0x10323, 11},
	{0x1032d, 0x10340, 5},
	{0x10341, 0x10341, 10},
	{0x10342, 0x10349, 5},
	{0x1034a, 0x1034a, 10},
	{0x10350, 0x10375, 5},
	{0x10376, 0x1037a, 6},
	{0x10380, 0x1039d, 5},
	{0x1039f, 0x1039f, 24},
	{0x103a0, 0x103c3, 5},
	{0x103c8, 0x103cf, 5},
	{0x103d0, 0x103d0, 24},
	{0x103d1, 0x103d5, 10},
	{0x10400, 0x10427, 1},
	{0x10428, 0x1044f, 2},
	{0x10450, 0x1049d, 5},
	{0x104a0, 0x104a9, 9},
	{0x104b0, 0x104d3, 1},
	{0x104d8, 0x104fb, 2},
	{0x10500, 0x10527, 5},
	{0x10530, 0x10563, 5},
	{0x1056f, 0x1056f, 24},
	{0x10570, 0x1057a, 1},
	{0x1057c, 0x1058a, 1},
	{0x1058c, 0x10592, 1},
	{0x10594, 0x10595, 1},
	{0x10597, 0x105a1, 2},
	{0x105a3, 0x105b1, 2},
	{0x105b3, 0x105b9, 2},
	{0x105bb, 0x105bc, 2},
	{0x10600, 0x10736, 5},
	{0x10740, 0x10755, 5},
	{0x10760, 0x10767, 5},
	{0x10780, 0x10785, 4},
	{0x10787, 0x107b0, 4},
	{0x107b2, 0x107ba, 4},
	{0x10800, 0x10805, 5},
	{0x10808, 0x10808, 5},
	{0x1080a, 0x10835, 5},
	{0x10837, 0x10838, 5},
	{0x1083c, 0x1083c, 5},
	{0x1083f, 0x10855, 5},
	{0x10857, 0x10857, 24},
	{0x10858, 0x1085f, 11},
	{0x10860, 0x10876, 5},
	{0x10877, 0x10878, 28},
	{0x10879, 0x1087f, 11},
	{0x10880, 0x1089e, 5},
	{0x108a7, 0x108af, 11},
	{0x108e0, 0x108f2, 5},
	{0x108f4, 0x108f5, 5},
	{0x108fb, 0x108ff, 11},
	{0x10900, 0x10915, 5},
	{0x10916, 0x1091b, 11},
	{0x1091f, 0x1091f, 24},
	{0x10920, 0x10939, 5},
	{0x1093f, 0x1093f, 24},
	{0x10980, 0x109b7, 5},
	{0x109bc, 0x109bd, 11},
	{0x109be, 0x109bf, 5},
	{0x109c0, 0x109cf, 11},
	{0x109d2, 0x109ff, 11},
	{0x10a00, 0x10a00, 5},
	{0x10a01, 0x10a03, 6},
	{0x10a05, 0x10a06, 6},
	{0x10a0c, 0x10a0f, 6},
	{0x10a10, 0x10a13, 5},
	{0x10a15, 0x10a17, 5},
	{0x10a19, 0x10a35, 5},
	{0x10a38, 0x10a3a, 6},
	{0x10a3f, 0x10a3f, 6},
	{0x10a40, 0x10a48, 11},
	{0x10a50, 0x10a58, 24},
	{0x10a60, 0x10a7c, 5},
	{0x10a7d, 0x10a7e, 11},
	{0x10a7f, 0x10a7f, 24},
	{0x10a80, 0x10a9c, 5},
	{0x10a9d, 0x10a9f, 11},
	{0x10ac0, 0x10ac7, 5},
	{0x10ac8, 0x10ac8, 28},
	{0x10ac9, 0x10ae4, 5},
	{0x10ae5, 0x10ae6, 6},
	{0x10aeb, 0x10aef, 11},
	{0x10af0, 0x10af6, 24},
	{0x10b00, 0x10b35, 5},
	{0x10b39, 0x10b3f, 24},
	{0x10b40, 0x10b55, 5},
	{0x10b58, 0x10b5f, 11},
	{0x10b60, 0x10b72, 5},
	{0x10b78, 0x10b7f, 11},
	{0x10b80, 0x10b91, 5},
	{0x10b99, 0x10b9c, 24},
	{0x10ba9, 0x10baf, 11},
	{0x10c00, 0x10c48, 5},
	{0x10c80, 0x10cb2, 1},
	{0x10cc0, 0x10cf2, 2},
	{0x10cfa, 0x10cff, 11},
	{0x10d00, 0x10d23, 5},
	{0x10d24, 0x10d27, 6},
	{0x10d30, 0x10d39, 9},
	{0x10e60, 0x10e7e, 11},
	{0x10e80, 0x10ea9, 5},
	{0x10eab, 0x10eac, 6},
	{0x10ead, 0x10ead, 20},
	{0x10eb0, 0x10eb1, 5},
	{0x10efd, 0x10eff, 6},
	{0x10f00, 0x10f1c, 5},
	{0x10f1d, 0x10f26, 11},
	{0x10f27, 0x10f27, 5},
	{0x10f30, 0x10f45, 5},
	{0x10f46, 0x10f50, 6},
	{0x10f51, 0x10f54, 11},
	{0x10f55, 0x10f59, 24},
	{0x10f70, 0x10f81, 5},
	{0x10f82, 0x10f85, 6},
	{0x10f86, 0x10f89, 24},
	{0x10fb0, 0x10fc4, 5},
	{0x10fc5, 0x10fcb, 11},
	{0x10fe0, 0x10ff6, 5},
	{0x11000, 0x11000, 8},
	{0x11001, 0x11001, 6},
	{0x11002, 0x11002, 8},
	{0x11003, 0x11037, 5},
	{0x11038, 0x11046, 6},
	{0x11047, 0x1104d, 24},
	{0x11052, 0x11065, 11},
	{0x11066, 0x1106f, 9},
	{0x11070, 0x11070, 6},
	{0x11071, 0x11072, 5},
	{0x11073, 0x11074, 6},
	{0x11075, 0x11075, 5},
	{0x1107f, 0x11081, 6},
	{0x11082, 0x11082, 8},
	{0x11083, 0x110af, 5},
	{0x110b0, 0x110b2, 8},
	{0x110b3, 0x110b6, 6},
	{0x110b7, 0x110b8, 8},
	{0x110b9, 0x110ba, 6},
	{0x110bb, 0x110bc, 24},
	{0x110bd, 0x110bd, 16},
	{0x110be, 0x110c1, 24},
	{0x110c2, 0x110c2, 6},
	{0x110cd, 0x110cd, 16},
	{0x110d0, 0x110e8, 5},
	{0x110f0, 0x110f9, 9},
	{0x11100, 0x11102, 6},
	{0x11103, 0x11126, 5},
	{0x11127, 0x1112b, 6},
	{0x1112c, 0x1112c, 8},
	{0x1112d, 0x11134, 6},
	{0x11136, 0x1113f, 9},
	{0x11140, 0x11143, 24},
	{0x11144, 0x11144, 5},
	{0x11145, 0x11146, 8},
	{0x11147, 0x11147, 5},
	{0x11150, 0x11172, 5},
	{0x11173, 0x11173, 6},
	{0x11174, 0x11175, 24},
	{0x11176, 0x11176, 5},
	{0x11180, 0x11181, 6},
	{0x11182, 0x11182, 8},
	{0x11183, 0x111b2, 5},
	{0x111b3, 0x111b5, 8},
	{0x111b6, 0x111be, 6},
	{0x111bf, 0x111c0, 8},
	{0x111c1, 0x111c4, 5},
	{0x111c5, 0x111c8, 24},
	{0x111c9, 0x111cc, 6},
	{0x111cd, 0x111cd, 24},
	{0x111ce, 0x111ce, 8},
	{0x111cf, 0x111cf, 6},
	{0x111d0, 0x111d9, 9},
	{0x111da, 0x111da, 5},
	{0x111db, 0x111db, 24},
	{0x111dc, 0x111dc, 5},
	{0x111dd, 0x111df, 24},
	{0x111e1, 0x111f4, 11},
	{0x11200, 0x11211, 5},
	{0x11213, 0x1122b, 5},
	{0x1122c, 0x1122e, 8},
	{0x1122f, 0x11231, 6},
	{0x11232, 0x11233, 8},
	{0x11234, 0x11234, 6},
	{0x11235, 0x11235, 8},
	{0x11236, 0x11237, 6},
	{0x11238, 0x1123d, 24},
	{0x1123e, 0x1123e, 6},
	{0x1123f, 0x11240, 5},
	{0x11241, 0x11241, 6},
	{0x11280, 0x11286, 5},
	{0x11288, 0x11288, 5},
	{0x1128a, 0x1128d, 5},
	{0x1128f, 0x1129d, 5},
	{0x1129f, 0x112a8, 5},
	{0x112a9, 0x112a9, 24},
	{0x112b0, 0x112de, 5},
	{0x112df, 0x112df, 6},
	{0x112e0, 0x112e2, 8},
	{0x112e3, 0x112ea, 6},
	{0x112f0, 0x112f9, 9},
	{0x11300, 0x11301, 6},
	{0x11302, 0x11303, 8},
	{0x11305, 0x1130c, 5},
	{0x1130f, 0x11310, 5},
	{0x11313, 0x11328, 5},
	{0x1132a, 0x11330, 5},
	{0x11332, 0x11333, 5},
	{0x11335, 0x11339, 5},
	{0x1133b, 0x1133c, 6},
	{0x1133d, 0x1133d, 5},
	{0x1133e, 0x1133f, 8},
	{0x11340, 0x11340, 6},
	{0x11341, 0x11344, 8},
	{0x11347, 0x11348, 8},
	{0x1134b, 0x1134d, 8},
	{0x11350, 0x11350, 5},
	{0x11357, 0x11357, 8},
	{0x1135d, 0x11361, 5},
	{0x11362, 0x11363, 8},
	{0x11366, 0x1136c, 6},
	{0x11370, 0x11374, 6},
	{0x11400, 0x11434, 5},
	{0x11435, 0x11437, 8},
	{0x11438, 0x1143f, 6},
	{0x11440, 0x11441, 8},
	{0x11442, 0x11444, 6},
	{0x11445, 0x11445, 8},
	{0x11446, 0x11446, 6},
	{0x11447, 0x1144a, 5},
	{0x1144b, 0x1144f, 24},
	{0x11450, 0x11459, 9},
	{0x1145a, 0x1145b, 24},
	{0x1145d, 0x1145d, 24},
	{0x1145e, 0x1145e, 6},
	{0x1145f, 0x11461, 5},
	{0x11480, 0x114af, 5},
	{0x114b0, 0x114b2, 8},
	{0x114b3, 0x114b8, 6},
	{0x114b9, 0x114b9, 8},
	{0x114ba, 0x114ba, 6},
	{0x114bb, 0x114be, 8},
	{0x114bf, 0x114c0, 6},
	{0x114c1, 0x114c1, 8},
	{0x114c2, 0x114c3, 6},
	{0x114c4, 0x114c5, 5},
	{0x114c6, 0x114c6, 24},
	{0x114c7, 0x114c7, 5},
	{0x114d0, 0x114d9, 9},
	{0x11580, 0x115ae, 5},
	{0x115af, 0x115b1, 8},
	{0x115b2, 0x115b5, 6},
	{0x115b8, 0x115bb, 8},
	{0x115bc, 0x115bd, 6},
	{0x115be, 0x115be, 8},
	{0x115bf, 0x115c0, 6},
	{0x115c1, 0x115d7, 24},
	{0x115d8, 0x115db, 5},
	{0x115dc, 0x115dd, 6},
	{0x11600, 0x1162f, 5},
	{0x11630, 0x11632, 8},
	{0x11633, 0x1163a, 6},
	{0x1163b, 0x1163c, 8},
	{0x1163d, 0x1163d, 6},
	{0x1163e, 0x1163e, 8},
	{0x1163f, 0x11640, 6},
	{0x11641, 0x11643, 24},
	{0x11644, 0x11644, 5},
	{0x11650, 0x11659, 9},
	{0x11660, 0x1166c, 24},
	{0x11680, 0x116aa, 5},
	{0x116ab, 0x116ab, 6},
	{0x116ac, 0x116ac, 8},
	{0x116ad, 0x116ad, 6},
	{0x116ae, 0x116af, 8},
	{0x116b0, 0x116b5, 6},
	{0x116b6, 0x116b6, 8},
	{0x116b7, 0x116b7, 6},
	{0x116b8, 0x116b8, 5},
	{0x116b9, 0x116b9, 24},
	{0x116c0, 0x116c9, 9},
	{0x11700, 0x1171a, 5},
	{0x1171d, 0x1171f, 6},
	{0x11720, 0x11721, 8},
	{0x11722, 0x11725, 6},
	{0x11726, 0x11726, 8},
	{0x11727, 0x1172b, 6},
	{0x11730, 0x11739, 9},
	{0x1173a, 0x1173b, 11},
	{0x1173c, 0x1173e, 24},
	{0x1173f, 0x1173f, 28},
	{0x11740, 0x11746, 5},
	{0x11800, 0x1182b, 5},
	{0x1182c, 0x1182e, 8},
	{0x1182f, 0x11837, 6},
	{0x11838, 0x11838, 8},
	{0x11839, 0x1183a, 6},
	{0x1183b, 0x1183b, 24},
	{0x118a0, 0x118bf, 1},
	{0x118c0, 0x118df, 2},
	{0x118e0, 0x118e9, 9},
	{0x118ea, 0x118f2, 11},
	{0x118ff, 0x11906, 5},
	{0x11909, 0x11909, 5},
	{0x1190c, 0x11913, 5},
	{0x11915, 0x11916, 5},
	{0x11918, 0x1192f, 5},
	{0x11930, 0x11935, 8},
	{0x11937, 0x11938, 8},
	{0x1193b, 0x1193c, 6},
	{0x1193d, 0x1193d, 8},
	{0x1193e, 0x1193e, 6},
	{0x1193f, 0x1193f, 5},
	{0x11940, 0x11940, 8},
	{0x11941, 0x11941, 5},
	{0x11942, 0x11942, 8},
	{0x11943, 0x11943, 6},
	{0x11944, 0x11946, 24},
	{0x11950, 0x11959, 9},
	{0x119a0, 0x119a7, 5},
	{0x119aa, 0x119d0, 5},
	{0x119d1, 0x119d3, 8},
	{0x119d4, 0x119d7, 6},
	{0x119da, 0x119db, 6},
	{0x119dc, 0x119df, 8},
	{0x119e0, 0x119e0, 6},
	{0x119e1, 0x119e1, 5},
	{0x119e2, 0x119e2, 24},
	{0x119e3, 0x119e3, 5},
	{0x119e4, 0x119e4, 8},
	{0x11a00, 0x11a00, 5},
	{0x11a01, 0x11a0a, 6},
	{0x11a0b, 0x11a32, 5},
	{0x11a33, 0x11a38, 6},
	{0x11a39, 0x11a39, 8},
	{0x11a3a, 0x11a3a, 5},
	{0x11a3b, 0x11a3e, 6},
	{0x11a3f, 0x11a46, 24},
	{0x11a47, 0x11a47, 6},
	{0x11a50, 0x11a50, 5},
	{0x11a51, 0x11a56, 6},
	{0x11a57, 0x11a58, 8},
	{0x11a59, 0x11a5b, 6},
	{0x11a5c, 0x11a89, 5},
	{0x11a8a, 0x11a96, 6},
	{0x11a97, 0x11a97, 8},
	{0x11a98, 0x11a99, 6},
	{0x11a9a, 0x11a9c, 24},
	{0x11a9d, 0x11a9d, 5},
	{0x11a9e, 0x11aa2, 24},
	{0x11ab0, 0x11af8, 5},
	{0x11b00, 0x11b09, 24},
	{0x11c00, 0x11c08, 5},
	{0x11c0a, 0x11c2e, 5},
	{0x11c2f, 0x11c2f, 8},
	{0x11c30, 0x11c36, 6},
	{0x11c38, 0x11c3d, 6},
	{0x11c3e, 0x11c3e, 8},
	{0x11c3f, 0x11c3f, 6},
	{0x11c40, 0x11c40, 5},
	{0x11c41, 0x11c45, 24},
	{0x11c50, 0x11c59, 9},
	{0x11c5a, 0x11c6c, 11},
	{0x11c70, 0x11c71, 24},
	{0x11c72, 0x11c8f, 5},
	{0x11c92, 0x11ca7, 6},
	{0x11ca9, 0x11ca9, 8},
	{0x11caa, 0x11cb0, 6},
	{0x11cb1, 0x11cb1, 8},
	{0x11cb2, 0x11cb3, 6},
	{0x11cb4, 0x11cb4, 8},
	{0x11cb5, 0x11cb6, 6},
	{0x11d00, 0x11d06, 5},
	{0x11d08, 0x11d09, 5},
	{0x11d0b, 0x11d30, 5},
	{0x11d31, 0x11d36, 6},
	{0x11d3a, 0x11d3a, 6},
	{0x11d3c, 0x11d3d, 6},
	{0x11d3f, 0x11d45, 6},
	{0x11d46, 0x11d46, 5},
	{0x11d47, 0x11d47, 6},
	{0x11d50, 0x11d59, 9},
	{0x11d60, 0x11d65, 5},
	{0x11d67, 0x11d68, 5},
	{0x11d6a, 0x11d89, 5},
	{0x11d8a, 0x11d8e, 8},
	{0x11d90, 0x11d91, 6},
	{0x11d93, 0x11d94, 8},
	{0x11d95, 0x11d95, 6},
	{0x11d96, 0x11d96, 8},
	{0x11d97, 0x11d97, 6},
	{0x11d98, 0x11d98, 5},
	{0x11da0, 0x11da9, 9},
	{0x11ee0, 0x11ef2, 5},
	{0x11ef3, 0x11ef4, 6},
	{0x11ef5, 0x11ef6, 8},
	{0x11ef7, 0x11ef8, 24},
	{0x11f00, 0x11f01, 6},
	{0x11f02, 0x11f02, 5},
	{0x11f03, 0x11f03, 8},
	{0x11f04, 0x11f10, 5},
	{0x11f12, 0x11f33, 5},
	{0x11f34, 0x11f35, 8},
	{0x11f36, 0x11f3a, 6},
	{0x11f3e, 0x11f3f, 8},
	{0x11f40, 0x11f40, 6},
	{0x11f41, 0x11f41, 8},
	{0x11f42, 0x11f42, 6},
	{0x11f43, 0x11f4f, 24},
	{0x11f50, 0x11f59, 9},
	{0x11fb0, 0x11fb0, 5},
	{0x11fc0, 0x11fd4, 11},
	{0x11fd5, 0x11fdc, 28},
	{0x11fdd, 0x11fe0, 26},
	{0x11fe1, 0x11ff1, 28},
	{0x11fff, 0x11fff, 24},
	{0x12000, 0x12399, 5},
	{0x12400, 0x1246e, 10},
	{0x12470, 0x12474, 24},
	{0x12480, 0x12543, 5},
	{0x12f90, 0x12ff0, 5},
	{0x12ff1, 0x12ff2, 24},
	{0x13000, 0x1342f, 5},
	{0x13430, 0x1343f, 16},
	{0x13440, 0x13440, 6},
	{0x13441, 0x13446, 5},
	{0x13447, 0x13455, 6},
	{0x14400, 0x14646, 5},
	{0x16800, 0x16a38, 5},
	{0x16a40, 0x16a5e, 5},
	{0x16a60, 0x16a69, 9},
	{0x16a6e, 0x16a6f, 24},
	{0x16a70, 0x16abe, 5},
	{0x16ac0, 0x16ac9, 9},
	{0x16ad0, 0x16aed, 5},
	{0x16af0, 0x16af4, 6},
	{0x16af5, 0x16af5, 24},
	{0x16b00, 0x16b2f, 5},
	{0x16b30, 0x16b36, 6},
	{0x16b37, 0x16b3b, 24},
	{0x16b3c, 0x16b3f, 28},
	{0x16b40, 0x16b43, 4},
	{0x16b44, 0x16b44, 24},
	{0x16b45, 0x16b45, 28},
	{0x16b50, 0x16b59, 9},
	{0x16b5b, 0x16b61, 11},
	{0x16b63, 0x16b77, 5},
	{0x16b7d, 0x16b8f, 5},
	{0x16e40, 0x16e5f, 1},
	{0x16e60, 0x16e7f, 2},
	{0x16e80, 0x16e96, 11},
	{0x16e97, 0x16e9a, 24},
	{0x16f00, 0x16f4a, 5},
	{0x16f4f, 0x16f4f, 6},
	{0x16f50, 0x16f50, 5},
	{0x16f51, 0x16f87, 8},
	{0x16f8f, 0x16f92, 6},
	{0x16f93, 0x16f9f, 4},
	{0x16fe0, 0x16fe1, 4},
	{0x16fe2, 0x16fe2, 24},
	{0x16fe3, 0x16fe3, 4},
	{0x16fe4, 0x16fe4, 6},
	{0x16ff0, 0x16ff1, 8},
	{0x17000, 0x187f7, 5},
	{0x18800, 0x18cd5, 5},
	{0x18d00, 0x18d08, 5},
	{0x1aff0, 0x1aff3, 4},
	{0x1aff5, 0x1affb, 4},
	{0x1affd, 0x1affe, 4},
	{0x1b000, 0x1b122, 5},
	{0x1b132, 0x1b132, 5},
	{0x1b150, 0x1b152, 5},
	{0x1b155, 0x1b155, 5},
	{0x1b164, 0x1b167, 5},
	{0x1b170, 0x1b2fb, 5},
	{0x1bc00, 0x1bc6a, 5},
	{0x1bc70, 0x1bc7c, 5},
	{0x1bc80, 0x1bc88, 5},
	{0x1bc90, 0x1bc99, 5},
	{0x1bc9c, 0x1bc9c, 28},
	{0x1bc9d, 0x1bc9e, 6},
	{0x1bc9f, 0x1bc9f, 24},
	{0x1bca0, 0x1bca3, 16},
	{0x1cf00, 0x1cf2d, 6},
	{0x1cf30, 0x1cf46, 6},
	{0x1cf50, 0x1cfc3, 28},
	{0x1d000, 0x1d0f5, 28},
	{0x1d100, 0x1d126, 28},
	{0x1d129, 0x1d164, 28},
	{0x1d165, 0x1d166, 8},
	{0x1d167, 0x1d169, 6},
	{0x1d16a, 0x1d16c, 28},
	{0x1d16d, 0x1d172, 8},
	{0x1d173, 0x1d17a, 16},
	{0x1d17b, 0x1d182, 6},
	{0x1d183, 0x1d184, 28},
	{0x1d185, 0x1d18b, 6},
	{0x1d18c, 0x1d1a9, 28},
	{0x1d1aa, 0x1d1ad, 6},
	{0x1d1ae, 0x1d1ea, 28},
	{0x1d200, 0x1d241, 28},
	{0x1d242, 0x1d244, 6},
	{0x1d245, 0x1d245, 28},
	{0x1d2c0, 0x1d2d3, 11},
	{0x1d2e0, 0x1d2f3, 11},
	{0x1d300, 0x1d356, 28},
	{0x1d360, 0x1d378, 11},
	{0x1d400, 0x1d419, 1},
	{0x1d41a, 0x1d433, 2},
	{0x1d434, 0x1d44d, 1},
	{0x1d44e, 0x1d454, 2},
	{0x1d456, 0x1d467, 2},
	{0x1d468, 0x1d481, 1},
	{0x1d482, 0x1d49b, 2},
	{0x1d49c, 0x1d49c, 1},
	{0x1d49e, 0x1d49f, 1},
	{0x1d4a2, 0x1d4a2, 1},
	{0x1d4a5, 0x1d4a6, 1},
	{0x1d4a9, 0x1d4ac, 1},
	{0x1d4ae, 0x1d4b5, 1},
	{0x1d4b6, 0x1d4b9, 2},
	{0x1d4bb, 0x1d4bb, 2},
	{0x1d4bd, 0x1d4c3, 2},
	{0x1d4c5, 0x1d4cf, 2},
	{0x1d4d0, 0x1d4e9, 1},
	{0x1d4ea, 0x1d503, 2},
	{0x1d504, 0x1d505, 1},
	{0x1d507, 0x1d50a, 1},
	{0x1d50d, 0x1d514, 1},
	{0x1d516, 0x1d51c, 1},
	{0x1d51e, 0x1d537, 2},
	{0x1d538, 0x1d539, 1},
	{0x1d53b, 0x1d53e, 1},
	{0x1d540, 0x1d544, 1},
	{0x1d546, 0x1d546, 1},
	{0x1d54a, 0x1d550, 1},
	{0x1d552, 0x1d56b, 2},
	{0x1d56c, 0x1d585, 1},
	{0x1d586, 0x1d59f, 2},
	{0x1d5a0, 0x1d5b9, 1},
	{0x1d5ba, 0x1d5d3, 2},
	{0x1d5d4, 0x1d5ed, 1},
	{0x1d5ee, 0x1d607, 2},
	{0x1d608, 0x1d621, 1},
	{0x1d622, 0x1d63b, 2},
	{0x1d63c, 0x1d655, 1},
	{0x1d656, 0x1d66f, 2},
	{0x1d670, 0x1d689, 1},
	{0x1d68a, 0x1d6a5, 2},
	{0x1d6a8, 0x1d6c0, 1},
	{0x1d6c1, 0x1d6c1, 25},
	{0x1d6c2, 0x1d6da, 2},
	{0x1d6db, 0x1d6db, 25},
	{0x1d6dc, 0x1d6e1, 2},
	{0x1d6e2, 0x1d6fa, 1},
	{0x1d6fb, 0x1d6fb, 25},
	{0x1d6fc, 0x1d714, 2},
	{0x1d715, 0x1d715, 25},
	{0x1d716, 0x1d71b, 2},
	{0x1d71c, 0x1d734, 1},
	{0x1d735, 0x1d735, 25},
	{0x1d736, 0x1d74e, 2},
	{0x1d74f, 0x1d74f, 25},
	{0x1d750, 0x1d755, 2},
	{0x1d756, 0x1d76e, 1},
	{0x1d76f, 0x1d76f, 25},
	{0x1d770, 0x1d788, 2},
	{0x1d789, 0x1d789, 25},
	{0x1d78a, 0x1d78f, 2},
	{0x1d790, 0x1d7a8, 1},
	{0x1d7a9, 0x1d7a9, 25},
	{0x1d7aa, 0x1d7c2, 2},
	{0x1d7c3, 0x1d7c3, 25},
	{0x1d7c4, 0x1d7c9, 2},
	{0x1d7ca, 0x1d7ca, 1},
	{0x1d7cb, 0x1d7cb, 2},
	{0x1d7ce, 0x1d7ff, 9},
	{0x1d800, 0x1d9ff, 28},
	{0x1da00, 0x1da36, 6},
	{0x1da37, 0x1da3a, 28},
	{0x1da3b, 0x1da6c, 6},
	{0x1da6d, 0x1da74, 28},
	{0x1da75, 0x1da75, 6},
	{0x1da76, 0x1da83, 28},
	{0x1da84, 0x1da84, 6},
	{0x1da85, 0x1da86, 28},
	{0x1da87, 0x1da8b, 24},
	{0x1da9b, 0x1da9f, 6},
	{0x1daa1, 0x1daaf, 6},
	{0x1df00, 0x1df09, 2},
	{0x1df0a, 0x1df0a, 5},
	{0x1df0b, 0x1df1e, 2},
	{0x1df25, 0x1df2a, 2},
	{0x1e000, 0x1e006, 6},
	{0x1e008, 0x1e018, 6},
	{0x1e01b, 0x1e021, 6},
	{0x1e023, 0x1e024, 6},
	{0x1e026, 0x1e02a, 6},
	{0x1e030, 0x1e06d, 4},
	{0x1e08f, 0x1e08f, 6},
	{0x1e100, 0x1e12c, 5},
	{0x1e130, 0x1e136, 6},
	{0x1e137, 0x1e13d, 4},
	{0x1e140, 0x1e149, 9},
	{0x1e14e, 0x1e14e, 5},
	{0x1e14f, 0x1e14f, 28},
	{0x1e290, 0x1e2ad, 5},
	{0x1e2ae, 0x1e2ae, 6},
	{0x1e2c0, 0x1e2eb, 5},
	{0x1e2ec, 0x1e2ef, 6},
	{0x1e2f0, 0x1e2f9, 9},
	{0x1e2ff, 0x1e2ff, 26},
	{0x1e4d0, 0x1e4ea, 5},
	{0x1e4eb, 0x1e4eb, 4},
	{0x1e4ec, 0x1e4ef, 6},
	{0x1e4f0, 0x1e4f9, 9},
	{0x1e7e0, 0x1e7e6, 5},
	{0x1e7e8, 0x1e7eb, 5},
	{0x1e7ed, 0x1e7ee, 5},
	{0x1e7f0, 0x1e7fe, 5},
	{0x1e800, 0x1e8c4, 5},
	{0x1e8c7, 0x1e8cf, 11},
	{0x1e8d0, 0x1e8d6, 6},
	{0x1e900, 0x1e921, 1},
	{0x1e922, 0x1e943, 2},
	{0x1e944, 0x1e94a, 6},
	{0x1e94b, 0x1e94b, 4},
	{0x1e950, 0x1e959, 9},
	{0x1e95e, 0x1e95f, 24},
	{0x1ec71, 0x1ecab, 11},
	{0x1ecac, 0x1ecac, 28},
	{0x1ecad, 0x1ecaf, 11},
	{0x1ecb0, 0x1ecb0, 26},
	{0x1ecb1, 0x1ecb4, 11},
	{0x1ed01, 0x1ed2d, 11},
	{0x1ed2e, 0x1ed2e, 28},
	{0x1ed2f, 0x1ed3d, 11},
	{0x1ee00, 0x1ee03, 5},
	{0x1ee05, 0x1ee1f, 5},
	{0x1ee21, 0x1ee22, 5},
	{0x1ee24, 0x1ee24, 5},
	{0x1ee27, 0x1ee27, 5},
	{0x1ee29, 0x1ee32, 5},
	{0x1ee34, 0x1ee37, 5},
	{0x1ee39, 0x1ee39, 5},
	{0x1ee3b, 0x1ee3b, 5},
	{0x1ee42, 0x1ee42, 5},
	{0x1ee47, 0x1ee47, 5},
	{0x1ee49, 0x1ee49, 5},
	{0x1ee4b, 0x1ee4b, 5},
	{0x1ee4d, 0x1ee4f, 5},
	{0x1ee51, 0x1ee52, 5},
	{0x1ee54, 0x1ee54, 5},
	{0x1ee57, 0x1ee57, 5},
	{0x1ee59, 0x1ee59, 5},
	{0x1ee5b, 0x1ee5b, 5},
	{0x1ee5d, 0x1ee5d, 5},
	{0x1ee5f, 0x1ee5f, 5},
	{0x1ee61, 0x1ee62, 5},
	{0x1ee64, 0x1ee64, 5},
	{0x1ee67, 0x1ee6a, 5},
	{0x1ee6c, 0x1ee72, 5},
	{0x1ee74, 0x1ee77, 5},
	{0x1ee79, 0x1ee7c, 5},
	{0x1ee7e, 0x1ee7e, 5},
	{0x1ee80, 0x1ee89, 5},
	{0x1ee8b, 0x1ee9b, 5},
	{0x1eea1, 0x1eea3, 5},
	{0x1eea5, 0x1eea9, 5},
	{0x1eeab, 0x1eebb, 5},
	{0x1eef0, 0x1eef1, 25},
	{0x1f000, 0x1f02b, 28},
	{0x1f030, 0x1f093, 28},
	{0x1f0a0, 0x1f0ae, 28},
	{0x1f0b1, 0x1f0bf, 28},
	{0x1f0c1, 0x1f0cf, 28},
	{0x1f0d1, 0x1f0f5, 28},
	{0x1f100, 0x1f10c, 11},
	{0x1f10d, 0x1f1ad, 28},
	{0x1f1e6, 0x1f202, 28},
	{0x1f210, 0x1f23b, 28},
	{0x1f240, 0x1f248, 28},
	{0x1f250, 0x1f251, 28},
	{0x1f260, 0x1f265, 28},
	{0x1f300, 0x1f3fa, 28},
	{0x1f3fb, 0x1f3ff, 27},
	{0x1f400, 0x1f6d7, 28},
	{0x1f6dc, 0x1f6ec, 28},
	{0x1f6f0, 0x1f6fc, 28},
	{0x1f700, 0x1f776, 28},
	{0x1f77b, 0x1f7d9, 28},
	{0x1f7e0, 0x1f7eb, 28},
	{0x1f7f0, 0x1f7f0, 28},
	{0x1f800, 0x1f80b, 28},
	{0x1f810, 0x1f847, 28},
	{0x1f850, 0x1f859, 28},
	{0x1f860, 0x1f887, 28},
	{0x1f890, 0x1f8ad, 28},
	{0x1f8b0, 0x1f8b1, 28},
	{0x1f900, 0x1fa53, 28},
	{0x1fa60, 0x1fa6d, 28},
	{0x1fa70, 0x1fa7c, 28},
	{0x1fa80, 0x1fa88, 28},
	{0x1fa90, 0x1fabd, 28},
	{0x1fabf, 0x1fac5, 28},
	{0x1face, 0x1fadb, 28},
	{0x1fae0, 0x1fae8, 28},
	{0x1faf0, 0x1faf8, 28},
	{0x1fb00, 0x1fb92, 28},
	{0x1fb94, 0x1fbca, 28},
	{0x1fbf0, 0x1fbf9, 9},
	{0x20000, 0x2a6df, 5},
	{0x2a700, 0x2b739, 5},
	{0x2b740, 0x2b81d, 5},
	{0x2b820, 0x2cea1, 5},
	{0x2ceb0, 0x2ebe0, 5},
	{0x2f800, 0x2fa1d, 5},
	{0x30000, 0x3134a, 5},
	{0x31350, 0x323af, 5},
	{0xe0001, 0xe0001, 16},
	{0xe0020, 0xe007f, 16},
	{0xe0100, 0xe01ef, 6},
	{0xf0000, 0xffffd, 18},
	{0x100000, 0x10fffd, 18},
}
var javaCase15Mappings = [...]javaCase15Mapping{
	{0x41, 0x61, 65, nil},
	{0x42, 0x62, 66, nil},
	{0x43, 0x63, 67, nil},
	{0x44, 0x64, 68, nil},
	{0x45, 0x65, 69, nil},
	{0x46, 0x66, 70, nil},
	{0x47, 0x67, 71, nil},
	{0x48, 0x68, 72, nil},
	{0x49, 0x69, 73, nil},
	{0x4a, 0x6a, 74, nil},
	{0x4b, 0x6b, 75, nil},
	{0x4c, 0x6c, 76, nil},
	{0x4d, 0x6d, 77, nil},
	{0x4e, 0x6e, 78, nil},
	{0x4f, 0x6f, 79, nil},
	{0x50, 0x70, 80, nil},
	{0x51, 0x71, 81, nil},
	{0x52, 0x72, 82, nil},
	{0x53, 0x73, 83, nil},
	{0x54, 0x74, 84, nil},
	{0x55, 0x75, 85, nil},
	{0x56, 0x76, 86, nil},
	{0x57, 0x77, 87, nil},
	{0x58, 0x78, 88, nil},
	{0x59, 0x79, 89, nil},
	{0x5a, 0x7a, 90, nil},
	{0x61, 0x61, 65, nil},
	{0x62, 0x62, 66, nil},
	{0x63, 0x63, 67, nil},
	{0x64, 0x64, 68, nil},
	{0x65, 0x65, 69, nil},
	{0x66, 0x66, 70, nil},
	{0x67, 0x67, 71, nil},
	{0x68, 0x68, 72, nil},
	{0x69, 0x69, 73, nil},
	{0x6a, 0x6a, 74, nil},
	{0x6b, 0x6b, 75, nil},
	{0x6c, 0x6c, 76, nil},
	{0x6d, 0x6d, 77, nil},
	{0x6e, 0x6e, 78, nil},
	{0x6f, 0x6f, 79, nil},
	{0x70, 0x70, 80, nil},
	{0x71, 0x71, 81, nil},
	{0x72, 0x72, 82, nil},
	{0x73, 0x73, 83, nil},
	{0x74, 0x74, 84, nil},
	{0x75, 0x75, 85, nil},
	{0x76, 0x76, 86, nil},
	{0x77, 0x77, 87, nil},
	{0x78, 0x78, 88, nil},
	{0x79, 0x79, 89, nil},
	{0x7a, 0x7a, 90, nil},
	{0xb5, 0xb5, 924, nil},
	{0xc0, 0xe0, 192, nil},
	{0xc1, 0xe1, 193, nil},
	{0xc2, 0xe2, 194, nil},
	{0xc3, 0xe3, 195, nil},
	{0xc4, 0xe4, 196, nil},
	{0xc5, 0xe5, 197, nil},
	{0xc6, 0xe6, 198, nil},
	{0xc7, 0xe7, 199, nil},
	{0xc8, 0xe8, 200, nil},
	{0xc9, 0xe9, 201, nil},
	{0xca, 0xea, 202, nil},
	{0xcb, 0xeb, 203, nil},
	{0xcc, 0xec, 204, nil},
	{0xcd, 0xed, 205, nil},
	{0xce, 0xee, 206, nil},
	{0xcf, 0xef, 207, nil},
	{0xd0, 0xf0, 208, nil},
	{0xd1, 0xf1, 209, nil},
	{0xd2, 0xf2, 210, nil},
	{0xd3, 0xf3, 211, nil},
	{0xd4, 0xf4, 212, nil},
	{0xd5, 0xf5, 213, nil},
	{0xd6, 0xf6, 214, nil},
	{0xd8, 0xf8, 216, nil},
	{0xd9, 0xf9, 217, nil},
	{0xda, 0xfa, 218, nil},
	{0xdb, 0xfb, 219, nil},
	{0xdc, 0xfc, 220, nil},
	{0xdd, 0xfd, 221, nil},
	{0xde, 0xfe, 222, nil},
	{0xdf, 0xdf, -1, []uint16{0x53, 0x53}},
	{0xe0, 0xe0, 192, nil},
	{0xe1, 0xe1, 193, nil},
	{0xe2, 0xe2, 194, nil},
	{0xe3, 0xe3, 195, nil},
	{0xe4, 0xe4, 196, nil},
	{0xe5, 0xe5, 197, nil},
	{0xe6, 0xe6, 198, nil},
	{0xe7, 0xe7, 199, nil},
	{0xe8, 0xe8, 200, nil},
	{0xe9, 0xe9, 201, nil},
	{0xea, 0xea, 202, nil},
	{0xeb, 0xeb, 203, nil},
	{0xec, 0xec, 204, nil},
	{0xed, 0xed, 205, nil},
	{0xee, 0xee, 206, nil},
	{0xef, 0xef, 207, nil},
	{0xf0, 0xf0, 208, nil},
	{0xf1, 0xf1, 209, nil},
	{0xf2, 0xf2, 210, nil},
	{0xf3, 0xf3, 211, nil},
	{0xf4, 0xf4, 212, nil},
	{0xf5, 0xf5, 213, nil},
	{0xf6, 0xf6, 214, nil},
	{0xf8, 0xf8, 216, nil},
	{0xf9, 0xf9, 217, nil},
	{0xfa, 0xfa, 218, nil},
	{0xfb, 0xfb, 219, nil},
	{0xfc, 0xfc, 220, nil},
	{0xfd, 0xfd, 221, nil},
	{0xfe, 0xfe, 222, nil},
	{0xff, 0xff, 376, nil},
	{0x100, 0x101, 256, nil},
	{0x101, 0x101, 256, nil},
	{0x102, 0x103, 258, nil},
	{0x103, 0x103, 258, nil},
	{0x104, 0x105, 260, nil},
	{0x105, 0x105, 260, nil},
	{0x106, 0x107, 262, nil},
	{0x107, 0x107, 262, nil},
	{0x108, 0x109, 264, nil},
	{0x109, 0x109, 264, nil},
	{0x10a, 0x10b, 266, nil},
	{0x10b, 0x10b, 266, nil},
	{0x10c, 0x10d, 268, nil},
	{0x10d, 0x10d, 268, nil},
	{0x10e, 0x10f, 270, nil},
	{0x10f, 0x10f, 270, nil},
	{0x110, 0x111, 272, nil},
	{0x111, 0x111, 272, nil},
	{0x112, 0x113, 274, nil},
	{0x113, 0x113, 274, nil},
	{0x114, 0x115, 276, nil},
	{0x115, 0x115, 276, nil},
	{0x116, 0x117, 278, nil},
	{0x117, 0x117, 278, nil},
	{0x118, 0x119, 280, nil},
	{0x119, 0x119, 280, nil},
	{0x11a, 0x11b, 282, nil},
	{0x11b, 0x11b, 282, nil},
	{0x11c, 0x11d, 284, nil},
	{0x11d, 0x11d, 284, nil},
	{0x11e, 0x11f, 286, nil},
	{0x11f, 0x11f, 286, nil},
	{0x120, 0x121, 288, nil},
	{0x121, 0x121, 288, nil},
	{0x122, 0x123, 290, nil},
	{0x123, 0x123, 290, nil},
	{0x124, 0x125, 292, nil},
	{0x125, 0x125, 292, nil},
	{0x126, 0x127, 294, nil},
	{0x127, 0x127, 294, nil},
	{0x128, 0x129, 296, nil},
	{0x129, 0x129, 296, nil},
	{0x12a, 0x12b, 298, nil},
	{0x12b, 0x12b, 298, nil},
	{0x12c, 0x12d, 300, nil},
	{0x12d, 0x12d, 300, nil},
	{0x12e, 0x12f, 302, nil},
	{0x12f, 0x12f, 302, nil},
	{0x130, 0x69, -1, []uint16{0x130}},
	{0x131, 0x131, 73, nil},
	{0x132, 0x133, 306, nil},
	{0x133, 0x133, 306, nil},
	{0x134, 0x135, 308, nil},
	{0x135, 0x135, 308, nil},
	{0x136, 0x137, 310, nil},
	{0x137, 0x137, 310, nil},
	{0x139, 0x13a, 313, nil},
	{0x13a, 0x13a, 313, nil},
	{0x13b, 0x13c, 315, nil},
	{0x13c, 0x13c, 315, nil},
	{0x13d, 0x13e, 317, nil},
	{0x13e, 0x13e, 317, nil},
	{0x13f, 0x140, 319, nil},
	{0x140, 0x140, 319, nil},
	{0x141, 0x142, 321, nil},
	{0x142, 0x142, 321, nil},
	{0x143, 0x144, 323, nil},
	{0x144, 0x144, 323, nil},
	{0x145, 0x146, 325, nil},
	{0x146, 0x146, 325, nil},
	{0x147, 0x148, 327, nil},
	{0x148, 0x148, 327, nil},
	{0x149, 0x149, -1, []uint16{0x2bc, 0x4e}},
	{0x14a, 0x14b, 330, nil},
	{0x14b, 0x14b, 330, nil},
	{0x14c, 0x14d, 332, nil},
	{0x14d, 0x14d, 332, nil},
	{0x14e, 0x14f, 334, nil},
	{0x14f, 0x14f, 334, nil},
	{0x150, 0x151, 336, nil},
	{0x151, 0x151, 336, nil},
	{0x152, 0x153, 338, nil},
	{0x153, 0x153, 338, nil},
	{0x154, 0x155, 340, nil},
	{0x155, 0x155, 340, nil},
	{0x156, 0x157, 342, nil},
	{0x157, 0x157, 342, nil},
	{0x158, 0x159, 344, nil},
	{0x159, 0x159, 344, nil},
	{0x15a, 0x15b, 346, nil},
	{0x15b, 0x15b, 346, nil},
	{0x15c, 0x15d, 348, nil},
	{0x15d, 0x15d, 348, nil},
	{0x15e, 0x15f, 350, nil},
	{0x15f, 0x15f, 350, nil},
	{0x160, 0x161, 352, nil},
	{0x161, 0x161, 352, nil},
	{0x162, 0x163, 354, nil},
	{0x163, 0x163, 354, nil},
	{0x164, 0x165, 356, nil},
	{0x165, 0x165, 356, nil},
	{0x166, 0x167, 358, nil},
	{0x167, 0x167, 358, nil},
	{0x168, 0x169, 360, nil},
	{0x169, 0x169, 360, nil},
	{0x16a, 0x16b, 362, nil},
	{0x16b, 0x16b, 362, nil},
	{0x16c, 0x16d, 364, nil},
	{0x16d, 0x16d, 364, nil},
	{0x16e, 0x16f, 366, nil},
	{0x16f, 0x16f, 366, nil},
	{0x170, 0x171, 368, nil},
	{0x171, 0x171, 368, nil},
	{0x172, 0x173, 370, nil},
	{0x173, 0x173, 370, nil},
	{0x174, 0x175, 372, nil},
	{0x175, 0x175, 372, nil},
	{0x176, 0x177, 374, nil},
	{0x177, 0x177, 374, nil},
	{0x178, 0xff, 376, nil},
	{0x179, 0x17a, 377, nil},
	{0x17a, 0x17a, 377, nil},
	{0x17b, 0x17c, 379, nil},
	{0x17c, 0x17c, 379, nil},
	{0x17d, 0x17e, 381, nil},
	{0x17e, 0x17e, 381, nil},
	{0x17f, 0x17f, 83, nil},
	{0x180, 0x180, 579, nil},
	{0x181, 0x253, 385, nil},
	{0x182, 0x183, 386, nil},
	{0x183, 0x183, 386, nil},
	{0x184, 0x185, 388, nil},
	{0x185, 0x185, 388, nil},
	{0x186, 0x254, 390, nil},
	{0x187, 0x188, 391, nil},
	{0x188, 0x188, 391, nil},
	{0x189, 0x256, 393, nil},
	{0x18a, 0x257, 394, nil},
	{0x18b, 0x18c, 395, nil},
	{0x18c, 0x18c, 395, nil},
	{0x18e, 0x1dd, 398, nil},
	{0x18f, 0x259, 399, nil},
	{0x190, 0x25b, 400, nil},
	{0x191, 0x192, 401, nil},
	{0x192, 0x192, 401, nil},
	{0x193, 0x260, 403, nil},
	{0x194, 0x263, 404, nil},
	{0x195, 0x195, 502, nil},
	{0x196, 0x269, 406, nil},
	{0x197, 0x268, 407, nil},
	{0x198, 0x199, 408, nil},
	{0x199, 0x199, 408, nil},
	{0x19a, 0x19a, 573, nil},
	{0x19c, 0x26f, 412, nil},
	{0x19d, 0x272, 413, nil},
	{0x19e, 0x19e, 544, nil},
	{0x19f, 0x275, 415, nil},
	{0x1a0, 0x1a1, 416, nil},
	{0x1a1, 0x1a1, 416, nil},
	{0x1a2, 0x1a3, 418, nil},
	{0x1a3, 0x1a3, 418, nil},
	{0x1a4, 0x1a5, 420, nil},
	{0x1a5, 0x1a5, 420, nil},
	{0x1a6, 0x280, 422, nil},
	{0x1a7, 0x1a8, 423, nil},
	{0x1a8, 0x1a8, 423, nil},
	{0x1a9, 0x283, 425, nil},
	{0x1ac, 0x1ad, 428, nil},
	{0x1ad, 0x1ad, 428, nil},
	{0x1ae, 0x288, 430, nil},
	{0x1af, 0x1b0, 431, nil},
	{0x1b0, 0x1b0, 431, nil},
	{0x1b1, 0x28a, 433, nil},
	{0x1b2, 0x28b, 434, nil},
	{0x1b3, 0x1b4, 435, nil},
	{0x1b4, 0x1b4, 435, nil},
	{0x1b5, 0x1b6, 437, nil},
	{0x1b6, 0x1b6, 437, nil},
	{0x1b7, 0x292, 439, nil},
	{0x1b8, 0x1b9, 440, nil},
	{0x1b9, 0x1b9, 440, nil},
	{0x1bc, 0x1bd, 444, nil},
	{0x1bd, 0x1bd, 444, nil},
	{0x1bf, 0x1bf, 503, nil},
	{0x1c4, 0x1c6, 452, nil},
	{0x1c5, 0x1c6, 452, nil},
	{0x1c6, 0x1c6, 452, nil},
	{0x1c7, 0x1c9, 455, nil},
	{0x1c8, 0x1c9, 455, nil},
	{0x1c9, 0x1c9, 455, nil},
	{0x1ca, 0x1cc, 458, nil},
	{0x1cb, 0x1cc, 458, nil},
	{0x1cc, 0x1cc, 458, nil},
	{0x1cd, 0x1ce, 461, nil},
	{0x1ce, 0x1ce, 461, nil},
	{0x1cf, 0x1d0, 463, nil},
	{0x1d0, 0x1d0, 463, nil},
	{0x1d1, 0x1d2, 465, nil},
	{0x1d2, 0x1d2, 465, nil},
	{0x1d3, 0x1d4, 467, nil},
	{0x1d4, 0x1d4, 467, nil},
	{0x1d5, 0x1d6, 469, nil},
	{0x1d6, 0x1d6, 469, nil},
	{0x1d7, 0x1d8, 471, nil},
	{0x1d8, 0x1d8, 471, nil},
	{0x1d9, 0x1da, 473, nil},
	{0x1da, 0x1da, 473, nil},
	{0x1db, 0x1dc, 475, nil},
	{0x1dc, 0x1dc, 475, nil},
	{0x1dd, 0x1dd, 398, nil},
	{0x1de, 0x1df, 478, nil},
	{0x1df, 0x1df, 478, nil},
	{0x1e0, 0x1e1, 480, nil},
	{0x1e1, 0x1e1, 480, nil},
	{0x1e2, 0x1e3, 482, nil},
	{0x1e3, 0x1e3, 482, nil},
	{0x1e4, 0x1e5, 484, nil},
	{0x1e5, 0x1e5, 484, nil},
	{0x1e6, 0x1e7, 486, nil},
	{0x1e7, 0x1e7, 486, nil},
	{0x1e8, 0x1e9, 488, nil},
	{0x1e9, 0x1e9, 488, nil},
	{0x1ea, 0x1eb, 490, nil},
	{0x1eb, 0x1eb, 490, nil},
	{0x1ec, 0x1ed, 492, nil},
	{0x1ed, 0x1ed, 492, nil},
	{0x1ee, 0x1ef, 494, nil},
	{0x1ef, 0x1ef, 494, nil},
	{0x1f0, 0x1f0, -1, []uint16{0x4a, 0x30c}},
	{0x1f1, 0x1f3, 497, nil},
	{0x1f2, 0x1f3, 497, nil},
	{0x1f3, 0x1f3, 497, nil},
	{0x1f4, 0x1f5, 500, nil},
	{0x1f5, 0x1f5, 500, nil},
	{0x1f6, 0x195, 502, nil},
	{0x1f7, 0x1bf, 503, nil},
	{0x1f8, 0x1f9, 504, nil},
	{0x1f9, 0x1f9, 504, nil},
	{0x1fa, 0x1fb, 506, nil},
	{0x1fb, 0x1fb, 506, nil},
	{0x1fc, 0x1fd, 508, nil},
	{0x1fd, 0x1fd, 508, nil},
	{0x1fe, 0x1ff, 510, nil},
	{0x1ff, 0x1ff, 510, nil},
	{0x200, 0x201, 512, nil},
	{0x201, 0x201, 512, nil},
	{0x202, 0x203, 514, nil},
	{0x203, 0x203, 514, nil},
	{0x204, 0x205, 516, nil},
	{0x205, 0x205, 516, nil},
	{0x206, 0x207, 518, nil},
	{0x207, 0x207, 518, nil},
	{0x208, 0x209, 520, nil},
	{0x209, 0x209, 520, nil},
	{0x20a, 0x20b, 522, nil},
	{0x20b, 0x20b, 522, nil},
	{0x20c, 0x20d, 524, nil},
	{0x20d, 0x20d, 524, nil},
	{0x20e, 0x20f, 526, nil},
	{0x20f, 0x20f, 526, nil},
	{0x210, 0x211, 528, nil},
	{0x211, 0x211, 528, nil},
	{0x212, 0x213, 530, nil},
	{0x213, 0x213, 530, nil},
	{0x214, 0x215, 532, nil},
	{0x215, 0x215, 532, nil},
	{0x216, 0x217, 534, nil},
	{0x217, 0x217, 534, nil},
	{0x218, 0x219, 536, nil},
	{0x219, 0x219, 536, nil},
	{0x21a, 0x21b, 538, nil},
	{0x21b, 0x21b, 538, nil},
	{0x21c, 0x21d, 540, nil},
	{0x21d, 0x21d, 540, nil},
	{0x21e, 0x21f, 542, nil},
	{0x21f, 0x21f, 542, nil},
	{0x220, 0x19e, 544, nil},
	{0x222, 0x223, 546, nil},
	{0x223, 0x223, 546, nil},
	{0x224, 0x225, 548, nil},
	{0x225, 0x225, 548, nil},
	{0x226, 0x227, 550, nil},
	{0x227, 0x227, 550, nil},
	{0x228, 0x229, 552, nil},
	{0x229, 0x229, 552, nil},
	{0x22a, 0x22b, 554, nil},
	{0x22b, 0x22b, 554, nil},
	{0x22c, 0x22d, 556, nil},
	{0x22d, 0x22d, 556, nil},
	{0x22e, 0x22f, 558, nil},
	{0x22f, 0x22f, 558, nil},
	{0x230, 0x231, 560, nil},
	{0x231, 0x231, 560, nil},
	{0x232, 0x233, 562, nil},
	{0x233, 0x233, 562, nil},
	{0x23a, 0x2c65, 570, nil},
	{0x23b, 0x23c, 571, nil},
	{0x23c, 0x23c, 571, nil},
	{0x23d, 0x19a, 573, nil},
	{0x23e, 0x2c66, 574, nil},
	{0x23f, 0x23f, 11390, nil},
	{0x240, 0x240, 11391, nil},
	{0x241, 0x242, 577, nil},
	{0x242, 0x242, 577, nil},
	{0x243, 0x180, 579, nil},
	{0x244, 0x289, 580, nil},
	{0x245, 0x28c, 581, nil},
	{0x246, 0x247, 582, nil},
	{0x247, 0x247, 582, nil},
	{0x248, 0x249, 584, nil},
	{0x249, 0x249, 584, nil},
	{0x24a, 0x24b, 586, nil},
	{0x24b, 0x24b, 586, nil},
	{0x24c, 0x24d, 588, nil},
	{0x24d, 0x24d, 588, nil},
	{0x24e, 0x24f, 590, nil},
	{0x24f, 0x24f, 590, nil},
	{0x250, 0x250, 11375, nil},
	{0x251, 0x251, 11373, nil},
	{0x252, 0x252, 11376, nil},
	{0x253, 0x253, 385, nil},
	{0x254, 0x254, 390, nil},
	{0x256, 0x256, 393, nil},
	{0x257, 0x257, 394, nil},
	{0x259, 0x259, 399, nil},
	{0x25b, 0x25b, 400, nil},
	{0x25c, 0x25c, 42923, nil},
	{0x260, 0x260, 403, nil},
	{0x261, 0x261, 42924, nil},
	{0x263, 0x263, 404, nil},
	{0x265, 0x265, 42893, nil},
	{0x266, 0x266, 42922, nil},
	{0x268, 0x268, 407, nil},
	{0x269, 0x269, 406, nil},
	{0x26a, 0x26a, 42926, nil},
	{0x26b, 0x26b, 11362, nil},
	{0x26c, 0x26c, 42925, nil},
	{0x26f, 0x26f, 412, nil},
	{0x271, 0x271, 11374, nil},
	{0x272, 0x272, 413, nil},
	{0x275, 0x275, 415, nil},
	{0x27d, 0x27d, 11364, nil},
	{0x280, 0x280, 422, nil},
	{0x282, 0x282, 42949, nil},
	{0x283, 0x283, 425, nil},
	{0x287, 0x287, 42929, nil},
	{0x288, 0x288, 430, nil},
	{0x289, 0x289, 580, nil},
	{0x28a, 0x28a, 433, nil},
	{0x28b, 0x28b, 434, nil},
	{0x28c, 0x28c, 581, nil},
	{0x292, 0x292, 439, nil},
	{0x29d, 0x29d, 42930, nil},
	{0x29e, 0x29e, 42928, nil},
	{0x345, 0x345, 921, nil},
	{0x370, 0x371, 880, nil},
	{0x371, 0x371, 880, nil},
	{0x372, 0x373, 882, nil},
	{0x373, 0x373, 882, nil},
	{0x376, 0x377, 886, nil},
	{0x377, 0x377, 886, nil},
	{0x37b, 0x37b, 1021, nil},
	{0x37c, 0x37c, 1022, nil},
	{0x37d, 0x37d, 1023, nil},
	{0x37f, 0x3f3, 895, nil},
	{0x386, 0x3ac, 902, nil},
	{0x388, 0x3ad, 904, nil},
	{0x389, 0x3ae, 905, nil},
	{0x38a, 0x3af, 906, nil},
	{0x38c, 0x3cc, 908, nil},
	{0x38e, 0x3cd, 910, nil},
	{0x38f, 0x3ce, 911, nil},
	{0x390, 0x390, -1, []uint16{0x399, 0x308, 0x301}},
	{0x391, 0x3b1, 913, nil},
	{0x392, 0x3b2, 914, nil},
	{0x393, 0x3b3, 915, nil},
	{0x394, 0x3b4, 916, nil},
	{0x395, 0x3b5, 917, nil},
	{0x396, 0x3b6, 918, nil},
	{0x397, 0x3b7, 919, nil},
	{0x398, 0x3b8, 920, nil},
	{0x399, 0x3b9, 921, nil},
	{0x39a, 0x3ba, 922, nil},
	{0x39b, 0x3bb, 923, nil},
	{0x39c, 0x3bc, 924, nil},
	{0x39d, 0x3bd, 925, nil},
	{0x39e, 0x3be, 926, nil},
	{0x39f, 0x3bf, 927, nil},
	{0x3a0, 0x3c0, 928, nil},
	{0x3a1, 0x3c1, 929, nil},
	{0x3a3, 0x3c3, 931, nil},
	{0x3a4, 0x3c4, 932, nil},
	{0x3a5, 0x3c5, 933, nil},
	{0x3a6, 0x3c6, 934, nil},
	{0x3a7, 0x3c7, 935, nil},
	{0x3a8, 0x3c8, 936, nil},
	{0x3a9, 0x3c9, 937, nil},
	{0x3aa, 0x3ca, 938, nil},
	{0x3ab, 0x3cb, 939, nil},
	{0x3ac, 0x3ac, 902, nil},
	{0x3ad, 0x3ad, 904, nil},
	{0x3ae, 0x3ae, 905, nil},
	{0x3af, 0x3af, 906, nil},
	{0x3b0, 0x3b0, -1, []uint16{0x3a5, 0x308, 0x301}},
	{0x3b1, 0x3b1, 913, nil},
	{0x3b2, 0x3b2, 914, nil},
	{0x3b3, 0x3b3, 915, nil},
	{0x3b4, 0x3b4, 916, nil},
	{0x3b5, 0x3b5, 917, nil},
	{0x3b6, 0x3b6, 918, nil},
	{0x3b7, 0x3b7, 919, nil},
	{0x3b8, 0x3b8, 920, nil},
	{0x3b9, 0x3b9, 921, nil},
	{0x3ba, 0x3ba, 922, nil},
	{0x3bb, 0x3bb, 923, nil},
	{0x3bc, 0x3bc, 924, nil},
	{0x3bd, 0x3bd, 925, nil},
	{0x3be, 0x3be, 926, nil},
	{0x3bf, 0x3bf, 927, nil},
	{0x3c0, 0x3c0, 928, nil},
	{0x3c1, 0x3c1, 929, nil},
	{0x3c2, 0x3c2, 931, nil},
	{0x3c3, 0x3c3, 931, nil},
	{0x3c4, 0x3c4, 932, nil},
	{0x3c5, 0x3c5, 933, nil},
	{0x3c6, 0x3c6, 934, nil},
	{0x3c7, 0x3c7, 935, nil},
	{0x3c8, 0x3c8, 936, nil},
	{0x3c9, 0x3c9, 937, nil},
	{0x3ca, 0x3ca, 938, nil},
	{0x3cb, 0x3cb, 939, nil},
	{0x3cc, 0x3cc, 908, nil},
	{0x3cd, 0x3cd, 910, nil},
	{0x3ce, 0x3ce, 911, nil},
	{0x3cf, 0x3d7, 975, nil},
	{0x3d0, 0x3d0, 914, nil},
	{0x3d1, 0x3d1, 920, nil},
	{0x3d5, 0x3d5, 934, nil},
	{0x3d6, 0x3d6, 928, nil},
	{0x3d7, 0x3d7, 975, nil},
	{0x3d8, 0x3d9, 984, nil},
	{0x3d9, 0x3d9, 984, nil},
	{0x3da, 0x3db, 986, nil},
	{0x3db, 0x3db, 986, nil},
	{0x3dc, 0x3dd, 988, nil},
	{0x3dd, 0x3dd, 988, nil},
	{0x3de, 0x3df, 990, nil},
	{0x3df, 0x3df, 990, nil},
	{0x3e0, 0x3e1, 992, nil},
	{0x3e1, 0x3e1, 992, nil},
	{0x3e2, 0x3e3, 994, nil},
	{0x3e3, 0x3e3, 994, nil},
	{0x3e4, 0x3e5, 996, nil},
	{0x3e5, 0x3e5, 996, nil},
	{0x3e6, 0x3e7, 998, nil},
	{0x3e7, 0x3e7, 998, nil},
	{0x3e8, 0x3e9, 1000, nil},
	{0x3e9, 0x3e9, 1000, nil},
	{0x3ea, 0x3eb, 1002, nil},
	{0x3eb, 0x3eb, 1002, nil},
	{0x3ec, 0x3ed, 1004, nil},
	{0x3ed, 0x3ed, 1004, nil},
	{0x3ee, 0x3ef, 1006, nil},
	{0x3ef, 0x3ef, 1006, nil},
	{0x3f0, 0x3f0, 922, nil},
	{0x3f1, 0x3f1, 929, nil},
	{0x3f2, 0x3f2, 1017, nil},
	{0x3f3, 0x3f3, 895, nil},
	{0x3f4, 0x3b8, 1012, nil},
	{0x3f5, 0x3f5, 917, nil},
	{0x3f7, 0x3f8, 1015, nil},
	{0x3f8, 0x3f8, 1015, nil},
	{0x3f9, 0x3f2, 1017, nil},
	{0x3fa, 0x3fb, 1018, nil},
	{0x3fb, 0x3fb, 1018, nil},
	{0x3fd, 0x37b, 1021, nil},
	{0x3fe, 0x37c, 1022, nil},
	{0x3ff, 0x37d, 1023, nil},
	{0x400, 0x450, 1024, nil},
	{0x401, 0x451, 1025, nil},
	{0x402, 0x452, 1026, nil},
	{0x403, 0x453, 1027, nil},
	{0x404, 0x454, 1028, nil},
	{0x405, 0x455, 1029, nil},
	{0x406, 0x456, 1030, nil},
	{0x407, 0x457, 1031, nil},
	{0x408, 0x458, 1032, nil},
	{0x409, 0x459, 1033, nil},
	{0x40a, 0x45a, 1034, nil},
	{0x40b, 0x45b, 1035, nil},
	{0x40c, 0x45c, 1036, nil},
	{0x40d, 0x45d, 1037, nil},
	{0x40e, 0x45e, 1038, nil},
	{0x40f, 0x45f, 1039, nil},
	{0x410, 0x430, 1040, nil},
	{0x411, 0x431, 1041, nil},
	{0x412, 0x432, 1042, nil},
	{0x413, 0x433, 1043, nil},
	{0x414, 0x434, 1044, nil},
	{0x415, 0x435, 1045, nil},
	{0x416, 0x436, 1046, nil},
	{0x417, 0x437, 1047, nil},
	{0x418, 0x438, 1048, nil},
	{0x419, 0x439, 1049, nil},
	{0x41a, 0x43a, 1050, nil},
	{0x41b, 0x43b, 1051, nil},
	{0x41c, 0x43c, 1052, nil},
	{0x41d, 0x43d, 1053, nil},
	{0x41e, 0x43e, 1054, nil},
	{0x41f, 0x43f, 1055, nil},
	{0x420, 0x440, 1056, nil},
	{0x421, 0x441, 1057, nil},
	{0x422, 0x442, 1058, nil},
	{0x423, 0x443, 1059, nil},
	{0x424, 0x444, 1060, nil},
	{0x425, 0x445, 1061, nil},
	{0x426, 0x446, 1062, nil},
	{0x427, 0x447, 1063, nil},
	{0x428, 0x448, 1064, nil},
	{0x429, 0x449, 1065, nil},
	{0x42a, 0x44a, 1066, nil},
	{0x42b, 0x44b, 1067, nil},
	{0x42c, 0x44c, 1068, nil},
	{0x42d, 0x44d, 1069, nil},
	{0x42e, 0x44e, 1070, nil},
	{0x42f, 0x44f, 1071, nil},
	{0x430, 0x430, 1040, nil},
	{0x431, 0x431, 1041, nil},
	{0x432, 0x432, 1042, nil},
	{0x433, 0x433, 1043, nil},
	{0x434, 0x434, 1044, nil},
	{0x435, 0x435, 1045, nil},
	{0x436, 0x436, 1046, nil},
	{0x437, 0x437, 1047, nil},
	{0x438, 0x438, 1048, nil},
	{0x439, 0x439, 1049, nil},
	{0x43a, 0x43a, 1050, nil},
	{0x43b, 0x43b, 1051, nil},
	{0x43c, 0x43c, 1052, nil},
	{0x43d, 0x43d, 1053, nil},
	{0x43e, 0x43e, 1054, nil},
	{0x43f, 0x43f, 1055, nil},
	{0x440, 0x440, 1056, nil},
	{0x441, 0x441, 1057, nil},
	{0x442, 0x442, 1058, nil},
	{0x443, 0x443, 1059, nil},
	{0x444, 0x444, 1060, nil},
	{0x445, 0x445, 1061, nil},
	{0x446, 0x446, 1062, nil},
	{0x447, 0x447, 1063, nil},
	{0x448, 0x448, 1064, nil},
	{0x449, 0x449, 1065, nil},
	{0x44a, 0x44a, 1066, nil},
	{0x44b, 0x44b, 1067, nil},
	{0x44c, 0x44c, 1068, nil},
	{0x44d, 0x44d, 1069, nil},
	{0x44e, 0x44e, 1070, nil},
	{0x44f, 0x44f, 1071, nil},
	{0x450, 0x450, 1024, nil},
	{0x451, 0x451, 1025, nil},
	{0x452, 0x452, 1026, nil},
	{0x453, 0x453, 1027, nil},
	{0x454, 0x454, 1028, nil},
	{0x455, 0x455, 1029, nil},
	{0x456, 0x456, 1030, nil},
	{0x457, 0x457, 1031, nil},
	{0x458, 0x458, 1032, nil},
	{0x459, 0x459, 1033, nil},
	{0x45a, 0x45a, 1034, nil},
	{0x45b, 0x45b, 1035, nil},
	{0x45c, 0x45c, 1036, nil},
	{0x45d, 0x45d, 1037, nil},
	{0x45e, 0x45e, 1038, nil},
	{0x45f, 0x45f, 1039, nil},
	{0x460, 0x461, 1120, nil},
	{0x461, 0x461, 1120, nil},
	{0x462, 0x463, 1122, nil},
	{0x463, 0x463, 1122, nil},
	{0x464, 0x465, 1124, nil},
	{0x465, 0x465, 1124, nil},
	{0x466, 0x467, 1126, nil},
	{0x467, 0x467, 1126, nil},
	{0x468, 0x469, 1128, nil},
	{0x469, 0x469, 1128, nil},
	{0x46a, 0x46b, 1130, nil},
	{0x46b, 0x46b, 1130, nil},
	{0x46c, 0x46d, 1132, nil},
	{0x46d, 0x46d, 1132, nil},
	{0x46e, 0x46f, 1134, nil},
	{0x46f, 0x46f, 1134, nil},
	{0x470, 0x471, 1136, nil},
	{0x471, 0x471, 1136, nil},
	{0x472, 0x473, 1138, nil},
	{0x473, 0x473, 1138, nil},
	{0x474, 0x475, 1140, nil},
	{0x475, 0x475, 1140, nil},
	{0x476, 0x477, 1142, nil},
	{0x477, 0x477, 1142, nil},
	{0x478, 0x479, 1144, nil},
	{0x479, 0x479, 1144, nil},
	{0x47a, 0x47b, 1146, nil},
	{0x47b, 0x47b, 1146, nil},
	{0x47c, 0x47d, 1148, nil},
	{0x47d, 0x47d, 1148, nil},
	{0x47e, 0x47f, 1150, nil},
	{0x47f, 0x47f, 1150, nil},
	{0x480, 0x481, 1152, nil},
	{0x481, 0x481, 1152, nil},
	{0x48a, 0x48b, 1162, nil},
	{0x48b, 0x48b, 1162, nil},
	{0x48c, 0x48d, 1164, nil},
	{0x48d, 0x48d, 1164, nil},
	{0x48e, 0x48f, 1166, nil},
	{0x48f, 0x48f, 1166, nil},
	{0x490, 0x491, 1168, nil},
	{0x491, 0x491, 1168, nil},
	{0x492, 0x493, 1170, nil},
	{0x493, 0x493, 1170, nil},
	{0x494, 0x495, 1172, nil},
	{0x495, 0x495, 1172, nil},
	{0x496, 0x497, 1174, nil},
	{0x497, 0x497, 1174, nil},
	{0x498, 0x499, 1176, nil},
	{0x499, 0x499, 1176, nil},
	{0x49a, 0x49b, 1178, nil},
	{0x49b, 0x49b, 1178, nil},
	{0x49c, 0x49d, 1180, nil},
	{0x49d, 0x49d, 1180, nil},
	{0x49e, 0x49f, 1182, nil},
	{0x49f, 0x49f, 1182, nil},
	{0x4a0, 0x4a1, 1184, nil},
	{0x4a1, 0x4a1, 1184, nil},
	{0x4a2, 0x4a3, 1186, nil},
	{0x4a3, 0x4a3, 1186, nil},
	{0x4a4, 0x4a5, 1188, nil},
	{0x4a5, 0x4a5, 1188, nil},
	{0x4a6, 0x4a7, 1190, nil},
	{0x4a7, 0x4a7, 1190, nil},
	{0x4a8, 0x4a9, 1192, nil},
	{0x4a9, 0x4a9, 1192, nil},
	{0x4aa, 0x4ab, 1194, nil},
	{0x4ab, 0x4ab, 1194, nil},
	{0x4ac, 0x4ad, 1196, nil},
	{0x4ad, 0x4ad, 1196, nil},
	{0x4ae, 0x4af, 1198, nil},
	{0x4af, 0x4af, 1198, nil},
	{0x4b0, 0x4b1, 1200, nil},
	{0x4b1, 0x4b1, 1200, nil},
	{0x4b2, 0x4b3, 1202, nil},
	{0x4b3, 0x4b3, 1202, nil},
	{0x4b4, 0x4b5, 1204, nil},
	{0x4b5, 0x4b5, 1204, nil},
	{0x4b6, 0x4b7, 1206, nil},
	{0x4b7, 0x4b7, 1206, nil},
	{0x4b8, 0x4b9, 1208, nil},
	{0x4b9, 0x4b9, 1208, nil},
	{0x4ba, 0x4bb, 1210, nil},
	{0x4bb, 0x4bb, 1210, nil},
	{0x4bc, 0x4bd, 1212, nil},
	{0x4bd, 0x4bd, 1212, nil},
	{0x4be, 0x4bf, 1214, nil},
	{0x4bf, 0x4bf, 1214, nil},
	{0x4c0, 0x4cf, 1216, nil},
	{0x4c1, 0x4c2, 1217, nil},
	{0x4c2, 0x4c2, 1217, nil},
	{0x4c3, 0x4c4, 1219, nil},
	{0x4c4, 0x4c4, 1219, nil},
	{0x4c5, 0x4c6, 1221, nil},
	{0x4c6, 0x4c6, 1221, nil},
	{0x4c7, 0x4c8, 1223, nil},
	{0x4c8, 0x4c8, 1223, nil},
	{0x4c9, 0x4ca, 1225, nil},
	{0x4ca, 0x4ca, 1225, nil},
	{0x4cb, 0x4cc, 1227, nil},
	{0x4cc, 0x4cc, 1227, nil},
	{0x4cd, 0x4ce, 1229, nil},
	{0x4ce, 0x4ce, 1229, nil},
	{0x4cf, 0x4cf, 1216, nil},
	{0x4d0, 0x4d1, 1232, nil},
	{0x4d1, 0x4d1, 1232, nil},
	{0x4d2, 0x4d3, 1234, nil},
	{0x4d3, 0x4d3, 1234, nil},
	{0x4d4, 0x4d5, 1236, nil},
	{0x4d5, 0x4d5, 1236, nil},
	{0x4d6, 0x4d7, 1238, nil},
	{0x4d7, 0x4d7, 1238, nil},
	{0x4d8, 0x4d9, 1240, nil},
	{0x4d9, 0x4d9, 1240, nil},
	{0x4da, 0x4db, 1242, nil},
	{0x4db, 0x4db, 1242, nil},
	{0x4dc, 0x4dd, 1244, nil},
	{0x4dd, 0x4dd, 1244, nil},
	{0x4de, 0x4df, 1246, nil},
	{0x4df, 0x4df, 1246, nil},
	{0x4e0, 0x4e1, 1248, nil},
	{0x4e1, 0x4e1, 1248, nil},
	{0x4e2, 0x4e3, 1250, nil},
	{0x4e3, 0x4e3, 1250, nil},
	{0x4e4, 0x4e5, 1252, nil},
	{0x4e5, 0x4e5, 1252, nil},
	{0x4e6, 0x4e7, 1254, nil},
	{0x4e7, 0x4e7, 1254, nil},
	{0x4e8, 0x4e9, 1256, nil},
	{0x4e9, 0x4e9, 1256, nil},
	{0x4ea, 0x4eb, 1258, nil},
	{0x4eb, 0x4eb, 1258, nil},
	{0x4ec, 0x4ed, 1260, nil},
	{0x4ed, 0x4ed, 1260, nil},
	{0x4ee, 0x4ef, 1262, nil},
	{0x4ef, 0x4ef, 1262, nil},
	{0x4f0, 0x4f1, 1264, nil},
	{0x4f1, 0x4f1, 1264, nil},
	{0x4f2, 0x4f3, 1266, nil},
	{0x4f3, 0x4f3, 1266, nil},
	{0x4f4, 0x4f5, 1268, nil},
	{0x4f5, 0x4f5, 1268, nil},
	{0x4f6, 0x4f7, 1270, nil},
	{0x4f7, 0x4f7, 1270, nil},
	{0x4f8, 0x4f9, 1272, nil},
	{0x4f9, 0x4f9, 1272, nil},
	{0x4fa, 0x4fb, 1274, nil},
	{0x4fb, 0x4fb, 1274, nil},
	{0x4fc, 0x4fd, 1276, nil},
	{0x4fd, 0x4fd, 1276, nil},
	{0x4fe, 0x4ff, 1278, nil},
	{0x4ff, 0x4ff, 1278, nil},
	{0x500, 0x501, 1280, nil},
	{0x501, 0x501, 1280, nil},
	{0x502, 0x503, 1282, nil},
	{0x503, 0x503, 1282, nil},
	{0x504, 0x505, 1284, nil},
	{0x505, 0x505, 1284, nil},
	{0x506, 0x507, 1286, nil},
	{0x507, 0x507, 1286, nil},
	{0x508, 0x509, 1288, nil},
	{0x509, 0x509, 1288, nil},
	{0x50a, 0x50b, 1290, nil},
	{0x50b, 0x50b, 1290, nil},
	{0x50c, 0x50d, 1292, nil},
	{0x50d, 0x50d, 1292, nil},
	{0x50e, 0x50f, 1294, nil},
	{0x50f, 0x50f, 1294, nil},
	{0x510, 0x511, 1296, nil},
	{0x511, 0x511, 1296, nil},
	{0x512, 0x513, 1298, nil},
	{0x513, 0x513, 1298, nil},
	{0x514, 0x515, 1300, nil},
	{0x515, 0x515, 1300, nil},
	{0x516, 0x517, 1302, nil},
	{0x517, 0x517, 1302, nil},
	{0x518, 0x519, 1304, nil},
	{0x519, 0x519, 1304, nil},
	{0x51a, 0x51b, 1306, nil},
	{0x51b, 0x51b, 1306, nil},
	{0x51c, 0x51d, 1308, nil},
	{0x51d, 0x51d, 1308, nil},
	{0x51e, 0x51f, 1310, nil},
	{0x51f, 0x51f, 1310, nil},
	{0x520, 0x521, 1312, nil},
	{0x521, 0x521, 1312, nil},
	{0x522, 0x523, 1314, nil},
	{0x523, 0x523, 1314, nil},
	{0x524, 0x525, 1316, nil},
	{0x525, 0x525, 1316, nil},
	{0x526, 0x527, 1318, nil},
	{0x527, 0x527, 1318, nil},
	{0x528, 0x529, 1320, nil},
	{0x529, 0x529, 1320, nil},
	{0x52a, 0x52b, 1322, nil},
	{0x52b, 0x52b, 1322, nil},
	{0x52c, 0x52d, 1324, nil},
	{0x52d, 0x52d, 1324, nil},
	{0x52e, 0x52f, 1326, nil},
	{0x52f, 0x52f, 1326, nil},
	{0x531, 0x561, 1329, nil},
	{0x532, 0x562, 1330, nil},
	{0x533, 0x563, 1331, nil},
	{0x534, 0x564, 1332, nil},
	{0x535, 0x565, 1333, nil},
	{0x536, 0x566, 1334, nil},
	{0x537, 0x567, 1335, nil},
	{0x538, 0x568, 1336, nil},
	{0x539, 0x569, 1337, nil},
	{0x53a, 0x56a, 1338, nil},
	{0x53b, 0x56b, 1339, nil},
	{0x53c, 0x56c, 1340, nil},
	{0x53d, 0x56d, 1341, nil},
	{0x53e, 0x56e, 1342, nil},
	{0x53f, 0x56f, 1343, nil},
	{0x540, 0x570, 1344, nil},
	{0x541, 0x571, 1345, nil},
	{0x542, 0x572, 1346, nil},
	{0x543, 0x573, 1347, nil},
	{0x544, 0x574, 1348, nil},
	{0x545, 0x575, 1349, nil},
	{0x546, 0x576, 1350, nil},
	{0x547, 0x577, 1351, nil},
	{0x548, 0x578, 1352, nil},
	{0x549, 0x579, 1353, nil},
	{0x54a, 0x57a, 1354, nil},
	{0x54b, 0x57b, 1355, nil},
	{0x54c, 0x57c, 1356, nil},
	{0x54d, 0x57d, 1357, nil},
	{0x54e, 0x57e, 1358, nil},
	{0x54f, 0x57f, 1359, nil},
	{0x550, 0x580, 1360, nil},
	{0x551, 0x581, 1361, nil},
	{0x552, 0x582, 1362, nil},
	{0x553, 0x583, 1363, nil},
	{0x554, 0x584, 1364, nil},
	{0x555, 0x585, 1365, nil},
	{0x556, 0x586, 1366, nil},
	{0x561, 0x561, 1329, nil},
	{0x562, 0x562, 1330, nil},
	{0x563, 0x563, 1331, nil},
	{0x564, 0x564, 1332, nil},
	{0x565, 0x565, 1333, nil},
	{0x566, 0x566, 1334, nil},
	{0x567, 0x567, 1335, nil},
	{0x568, 0x568, 1336, nil},
	{0x569, 0x569, 1337, nil},
	{0x56a, 0x56a, 1338, nil},
	{0x56b, 0x56b, 1339, nil},
	{0x56c, 0x56c, 1340, nil},
	{0x56d, 0x56d, 1341, nil},
	{0x56e, 0x56e, 1342, nil},
	{0x56f, 0x56f, 1343, nil},
	{0x570, 0x570, 1344, nil},
	{0x571, 0x571, 1345, nil},
	{0x572, 0x572, 1346, nil},
	{0x573, 0x573, 1347, nil},
	{0x574, 0x574, 1348, nil},
	{0x575, 0x575, 1349, nil},
	{0x576, 0x576, 1350, nil},
	{0x577, 0x577, 1351, nil},
	{0x578, 0x578, 1352, nil},
	{0x579, 0x579, 1353, nil},
	{0x57a, 0x57a, 1354, nil},
	{0x57b, 0x57b, 1355, nil},
	{0x57c, 0x57c, 1356, nil},
	{0x57d, 0x57d, 1357, nil},
	{0x57e, 0x57e, 1358, nil},
	{0x57f, 0x57f, 1359, nil},
	{0x580, 0x580, 1360, nil},
	{0x581, 0x581, 1361, nil},
	{0x582, 0x582, 1362, nil},
	{0x583, 0x583, 1363, nil},
	{0x584, 0x584, 1364, nil},
	{0x585, 0x585, 1365, nil},
	{0x586, 0x586, 1366, nil},
	{0x587, 0x587, -1, []uint16{0x535, 0x552}},
	{0x10a0, 0x2d00, 4256, nil},
	{0x10a1, 0x2d01, 4257, nil},
	{0x10a2, 0x2d02, 4258, nil},
	{0x10a3, 0x2d03, 4259, nil},
	{0x10a4, 0x2d04, 4260, nil},
	{0x10a5, 0x2d05, 4261, nil},
	{0x10a6, 0x2d06, 4262, nil},
	{0x10a7, 0x2d07, 4263, nil},
	{0x10a8, 0x2d08, 4264, nil},
	{0x10a9, 0x2d09, 4265, nil},
	{0x10aa, 0x2d0a, 4266, nil},
	{0x10ab, 0x2d0b, 4267, nil},
	{0x10ac, 0x2d0c, 4268, nil},
	{0x10ad, 0x2d0d, 4269, nil},
	{0x10ae, 0x2d0e, 4270, nil},
	{0x10af, 0x2d0f, 4271, nil},
	{0x10b0, 0x2d10, 4272, nil},
	{0x10b1, 0x2d11, 4273, nil},
	{0x10b2, 0x2d12, 4274, nil},
	{0x10b3, 0x2d13, 4275, nil},
	{0x10b4, 0x2d14, 4276, nil},
	{0x10b5, 0x2d15, 4277, nil},
	{0x10b6, 0x2d16, 4278, nil},
	{0x10b7, 0x2d17, 4279, nil},
	{0x10b8, 0x2d18, 4280, nil},
	{0x10b9, 0x2d19, 4281, nil},
	{0x10ba, 0x2d1a, 4282, nil},
	{0x10bb, 0x2d1b, 4283, nil},
	{0x10bc, 0x2d1c, 4284, nil},
	{0x10bd, 0x2d1d, 4285, nil},
	{0x10be, 0x2d1e, 4286, nil},
	{0x10bf, 0x2d1f, 4287, nil},
	{0x10c0, 0x2d20, 4288, nil},
	{0x10c1, 0x2d21, 4289, nil},
	{0x10c2, 0x2d22, 4290, nil},
	{0x10c3, 0x2d23, 4291, nil},
	{0x10c4, 0x2d24, 4292, nil},
	{0x10c5, 0x2d25, 4293, nil},
	{0x10c7, 0x2d27, 4295, nil},
	{0x10cd, 0x2d2d, 4301, nil},
	{0x10d0, 0x10d0, 7312, nil},
	{0x10d1, 0x10d1, 7313, nil},
	{0x10d2, 0x10d2, 7314, nil},
	{0x10d3, 0x10d3, 7315, nil},
	{0x10d4, 0x10d4, 7316, nil},
	{0x10d5, 0x10d5, 7317, nil},
	{0x10d6, 0x10d6, 7318, nil},
	{0x10d7, 0x10d7, 7319, nil},
	{0x10d8, 0x10d8, 7320, nil},
	{0x10d9, 0x10d9, 7321, nil},
	{0x10da, 0x10da, 7322, nil},
	{0x10db, 0x10db, 7323, nil},
	{0x10dc, 0x10dc, 7324, nil},
	{0x10dd, 0x10dd, 7325, nil},
	{0x10de, 0x10de, 7326, nil},
	{0x10df, 0x10df, 7327, nil},
	{0x10e0, 0x10e0, 7328, nil},
	{0x10e1, 0x10e1, 7329, nil},
	{0x10e2, 0x10e2, 7330, nil},
	{0x10e3, 0x10e3, 7331, nil},
	{0x10e4, 0x10e4, 7332, nil},
	{0x10e5, 0x10e5, 7333, nil},
	{0x10e6, 0x10e6, 7334, nil},
	{0x10e7, 0x10e7, 7335, nil},
	{0x10e8, 0x10e8, 7336, nil},
	{0x10e9, 0x10e9, 7337, nil},
	{0x10ea, 0x10ea, 7338, nil},
	{0x10eb, 0x10eb, 7339, nil},
	{0x10ec, 0x10ec, 7340, nil},
	{0x10ed, 0x10ed, 7341, nil},
	{0x10ee, 0x10ee, 7342, nil},
	{0x10ef, 0x10ef, 7343, nil},
	{0x10f0, 0x10f0, 7344, nil},
	{0x10f1, 0x10f1, 7345, nil},
	{0x10f2, 0x10f2, 7346, nil},
	{0x10f3, 0x10f3, 7347, nil},
	{0x10f4, 0x10f4, 7348, nil},
	{0x10f5, 0x10f5, 7349, nil},
	{0x10f6, 0x10f6, 7350, nil},
	{0x10f7, 0x10f7, 7351, nil},
	{0x10f8, 0x10f8, 7352, nil},
	{0x10f9, 0x10f9, 7353, nil},
	{0x10fa, 0x10fa, 7354, nil},
	{0x10fd, 0x10fd, 7357, nil},
	{0x10fe, 0x10fe, 7358, nil},
	{0x10ff, 0x10ff, 7359, nil},
	{0x13a0, 0xab70, 5024, nil},
	{0x13a1, 0xab71, 5025, nil},
	{0x13a2, 0xab72, 5026, nil},
	{0x13a3, 0xab73, 5027, nil},
	{0x13a4, 0xab74, 5028, nil},
	{0x13a5, 0xab75, 5029, nil},
	{0x13a6, 0xab76, 5030, nil},
	{0x13a7, 0xab77, 5031, nil},
	{0x13a8, 0xab78, 5032, nil},
	{0x13a9, 0xab79, 5033, nil},
	{0x13aa, 0xab7a, 5034, nil},
	{0x13ab, 0xab7b, 5035, nil},
	{0x13ac, 0xab7c, 5036, nil},
	{0x13ad, 0xab7d, 5037, nil},
	{0x13ae, 0xab7e, 5038, nil},
	{0x13af, 0xab7f, 5039, nil},
	{0x13b0, 0xab80, 5040, nil},
	{0x13b1, 0xab81, 5041, nil},
	{0x13b2, 0xab82, 5042, nil},
	{0x13b3, 0xab83, 5043, nil},
	{0x13b4, 0xab84, 5044, nil},
	{0x13b5, 0xab85, 5045, nil},
	{0x13b6, 0xab86, 5046, nil},
	{0x13b7, 0xab87, 5047, nil},
	{0x13b8, 0xab88, 5048, nil},
	{0x13b9, 0xab89, 5049, nil},
	{0x13ba, 0xab8a, 5050, nil},
	{0x13bb, 0xab8b, 5051, nil},
	{0x13bc, 0xab8c, 5052, nil},
	{0x13bd, 0xab8d, 5053, nil},
	{0x13be, 0xab8e, 5054, nil},
	{0x13bf, 0xab8f, 5055, nil},
	{0x13c0, 0xab90, 5056, nil},
	{0x13c1, 0xab91, 5057, nil},
	{0x13c2, 0xab92, 5058, nil},
	{0x13c3, 0xab93, 5059, nil},
	{0x13c4, 0xab94, 5060, nil},
	{0x13c5, 0xab95, 5061, nil},
	{0x13c6, 0xab96, 5062, nil},
	{0x13c7, 0xab97, 5063, nil},
	{0x13c8, 0xab98, 5064, nil},
	{0x13c9, 0xab99, 5065, nil},
	{0x13ca, 0xab9a, 5066, nil},
	{0x13cb, 0xab9b, 5067, nil},
	{0x13cc, 0xab9c, 5068, nil},
	{0x13cd, 0xab9d, 5069, nil},
	{0x13ce, 0xab9e, 5070, nil},
	{0x13cf, 0xab9f, 5071, nil},
	{0x13d0, 0xaba0, 5072, nil},
	{0x13d1, 0xaba1, 5073, nil},
	{0x13d2, 0xaba2, 5074, nil},
	{0x13d3, 0xaba3, 5075, nil},
	{0x13d4, 0xaba4, 5076, nil},
	{0x13d5, 0xaba5, 5077, nil},
	{0x13d6, 0xaba6, 5078, nil},
	{0x13d7, 0xaba7, 5079, nil},
	{0x13d8, 0xaba8, 5080, nil},
	{0x13d9, 0xaba9, 5081, nil},
	{0x13da, 0xabaa, 5082, nil},
	{0x13db, 0xabab, 5083, nil},
	{0x13dc, 0xabac, 5084, nil},
	{0x13dd, 0xabad, 5085, nil},
	{0x13de, 0xabae, 5086, nil},
	{0x13df, 0xabaf, 5087, nil},
	{0x13e0, 0xabb0, 5088, nil},
	{0x13e1, 0xabb1, 5089, nil},
	{0x13e2, 0xabb2, 5090, nil},
	{0x13e3, 0xabb3, 5091, nil},
	{0x13e4, 0xabb4, 5092, nil},
	{0x13e5, 0xabb5, 5093, nil},
	{0x13e6, 0xabb6, 5094, nil},
	{0x13e7, 0xabb7, 5095, nil},
	{0x13e8, 0xabb8, 5096, nil},
	{0x13e9, 0xabb9, 5097, nil},
	{0x13ea, 0xabba, 5098, nil},
	{0x13eb, 0xabbb, 5099, nil},
	{0x13ec, 0xabbc, 5100, nil},
	{0x13ed, 0xabbd, 5101, nil},
	{0x13ee, 0xabbe, 5102, nil},
	{0x13ef, 0xabbf, 5103, nil},
	{0x13f0, 0x13f8, 5104, nil},
	{0x13f1, 0x13f9, 5105, nil},
	{0x13f2, 0x13fa, 5106, nil},
	{0x13f3, 0x13fb, 5107, nil},
	{0x13f4, 0x13fc, 5108, nil},
	{0x13f5, 0x13fd, 5109, nil},
	{0x13f8, 0x13f8, 5104, nil},
	{0x13f9, 0x13f9, 5105, nil},
	{0x13fa, 0x13fa, 5106, nil},
	{0x13fb, 0x13fb, 5107, nil},
	{0x13fc, 0x13fc, 5108, nil},
	{0x13fd, 0x13fd, 5109, nil},
	{0x1c80, 0x1c80, 1042, nil},
	{0x1c81, 0x1c81, 1044, nil},
	{0x1c82, 0x1c82, 1054, nil},
	{0x1c83, 0x1c83, 1057, nil},
	{0x1c84, 0x1c84, 1058, nil},
	{0x1c85, 0x1c85, 1058, nil},
	{0x1c86, 0x1c86, 1066, nil},
	{0x1c87, 0x1c87, 1122, nil},
	{0x1c88, 0x1c88, 42570, nil},
	{0x1c90, 0x10d0, 7312, nil},
	{0x1c91, 0x10d1, 7313, nil},
	{0x1c92, 0x10d2, 7314, nil},
	{0x1c93, 0x10d3, 7315, nil},
	{0x1c94, 0x10d4, 7316, nil},
	{0x1c95, 0x10d5, 7317, nil},
	{0x1c96, 0x10d6, 7318, nil},
	{0x1c97, 0x10d7, 7319, nil},
	{0x1c98, 0x10d8, 7320, nil},
	{0x1c99, 0x10d9, 7321, nil},
	{0x1c9a, 0x10da, 7322, nil},
	{0x1c9b, 0x10db, 7323, nil},
	{0x1c9c, 0x10dc, 7324, nil},
	{0x1c9d, 0x10dd, 7325, nil},
	{0x1c9e, 0x10de, 7326, nil},
	{0x1c9f, 0x10df, 7327, nil},
	{0x1ca0, 0x10e0, 7328, nil},
	{0x1ca1, 0x10e1, 7329, nil},
	{0x1ca2, 0x10e2, 7330, nil},
	{0x1ca3, 0x10e3, 7331, nil},
	{0x1ca4, 0x10e4, 7332, nil},
	{0x1ca5, 0x10e5, 7333, nil},
	{0x1ca6, 0x10e6, 7334, nil},
	{0x1ca7, 0x10e7, 7335, nil},
	{0x1ca8, 0x10e8, 7336, nil},
	{0x1ca9, 0x10e9, 7337, nil},
	{0x1caa, 0x10ea, 7338, nil},
	{0x1cab, 0x10eb, 7339, nil},
	{0x1cac, 0x10ec, 7340, nil},
	{0x1cad, 0x10ed, 7341, nil},
	{0x1cae, 0x10ee, 7342, nil},
	{0x1caf, 0x10ef, 7343, nil},
	{0x1cb0, 0x10f0, 7344, nil},
	{0x1cb1, 0x10f1, 7345, nil},
	{0x1cb2, 0x10f2, 7346, nil},
	{0x1cb3, 0x10f3, 7347, nil},
	{0x1cb4, 0x10f4, 7348, nil},
	{0x1cb5, 0x10f5, 7349, nil},
	{0x1cb6, 0x10f6, 7350, nil},
	{0x1cb7, 0x10f7, 7351, nil},
	{0x1cb8, 0x10f8, 7352, nil},
	{0x1cb9, 0x10f9, 7353, nil},
	{0x1cba, 0x10fa, 7354, nil},
	{0x1cbd, 0x10fd, 7357, nil},
	{0x1cbe, 0x10fe, 7358, nil},
	{0x1cbf, 0x10ff, 7359, nil},
	{0x1d79, 0x1d79, 42877, nil},
	{0x1d7d, 0x1d7d, 11363, nil},
	{0x1d8e, 0x1d8e, 42950, nil},
	{0x1e00, 0x1e01, 7680, nil},
	{0x1e01, 0x1e01, 7680, nil},
	{0x1e02, 0x1e03, 7682, nil},
	{0x1e03, 0x1e03, 7682, nil},
	{0x1e04, 0x1e05, 7684, nil},
	{0x1e05, 0x1e05, 7684, nil},
	{0x1e06, 0x1e07, 7686, nil},
	{0x1e07, 0x1e07, 7686, nil},
	{0x1e08, 0x1e09, 7688, nil},
	{0x1e09, 0x1e09, 7688, nil},
	{0x1e0a, 0x1e0b, 7690, nil},
	{0x1e0b, 0x1e0b, 7690, nil},
	{0x1e0c, 0x1e0d, 7692, nil},
	{0x1e0d, 0x1e0d, 7692, nil},
	{0x1e0e, 0x1e0f, 7694, nil},
	{0x1e0f, 0x1e0f, 7694, nil},
	{0x1e10, 0x1e11, 7696, nil},
	{0x1e11, 0x1e11, 7696, nil},
	{0x1e12, 0x1e13, 7698, nil},
	{0x1e13, 0x1e13, 7698, nil},
	{0x1e14, 0x1e15, 7700, nil},
	{0x1e15, 0x1e15, 7700, nil},
	{0x1e16, 0x1e17, 7702, nil},
	{0x1e17, 0x1e17, 7702, nil},
	{0x1e18, 0x1e19, 7704, nil},
	{0x1e19, 0x1e19, 7704, nil},
	{0x1e1a, 0x1e1b, 7706, nil},
	{0x1e1b, 0x1e1b, 7706, nil},
	{0x1e1c, 0x1e1d, 7708, nil},
	{0x1e1d, 0x1e1d, 7708, nil},
	{0x1e1e, 0x1e1f, 7710, nil},
	{0x1e1f, 0x1e1f, 7710, nil},
	{0x1e20, 0x1e21, 7712, nil},
	{0x1e21, 0x1e21, 7712, nil},
	{0x1e22, 0x1e23, 7714, nil},
	{0x1e23, 0x1e23, 7714, nil},
	{0x1e24, 0x1e25, 7716, nil},
	{0x1e25, 0x1e25, 7716, nil},
	{0x1e26, 0x1e27, 7718, nil},
	{0x1e27, 0x1e27, 7718, nil},
	{0x1e28, 0x1e29, 7720, nil},
	{0x1e29, 0x1e29, 7720, nil},
	{0x1e2a, 0x1e2b, 7722, nil},
	{0x1e2b, 0x1e2b, 7722, nil},
	{0x1e2c, 0x1e2d, 7724, nil},
	{0x1e2d, 0x1e2d, 7724, nil},
	{0x1e2e, 0x1e2f, 7726, nil},
	{0x1e2f, 0x1e2f, 7726, nil},
	{0x1e30, 0x1e31, 7728, nil},
	{0x1e31, 0x1e31, 7728, nil},
	{0x1e32, 0x1e33, 7730, nil},
	{0x1e33, 0x1e33, 7730, nil},
	{0x1e34, 0x1e35, 7732, nil},
	{0x1e35, 0x1e35, 7732, nil},
	{0x1e36, 0x1e37, 7734, nil},
	{0x1e37, 0x1e37, 7734, nil},
	{0x1e38, 0x1e39, 7736, nil},
	{0x1e39, 0x1e39, 7736, nil},
	{0x1e3a, 0x1e3b, 7738, nil},
	{0x1e3b, 0x1e3b, 7738, nil},
	{0x1e3c, 0x1e3d, 7740, nil},
	{0x1e3d, 0x1e3d, 7740, nil},
	{0x1e3e, 0x1e3f, 7742, nil},
	{0x1e3f, 0x1e3f, 7742, nil},
	{0x1e40, 0x1e41, 7744, nil},
	{0x1e41, 0x1e41, 7744, nil},
	{0x1e42, 0x1e43, 7746, nil},
	{0x1e43, 0x1e43, 7746, nil},
	{0x1e44, 0x1e45, 7748, nil},
	{0x1e45, 0x1e45, 7748, nil},
	{0x1e46, 0x1e47, 7750, nil},
	{0x1e47, 0x1e47, 7750, nil},
	{0x1e48, 0x1e49, 7752, nil},
	{0x1e49, 0x1e49, 7752, nil},
	{0x1e4a, 0x1e4b, 7754, nil},
	{0x1e4b, 0x1e4b, 7754, nil},
	{0x1e4c, 0x1e4d, 7756, nil},
	{0x1e4d, 0x1e4d, 7756, nil},
	{0x1e4e, 0x1e4f, 7758, nil},
	{0x1e4f, 0x1e4f, 7758, nil},
	{0x1e50, 0x1e51, 7760, nil},
	{0x1e51, 0x1e51, 7760, nil},
	{0x1e52, 0x1e53, 7762, nil},
	{0x1e53, 0x1e53, 7762, nil},
	{0x1e54, 0x1e55, 7764, nil},
	{0x1e55, 0x1e55, 7764, nil},
	{0x1e56, 0x1e57, 7766, nil},
	{0x1e57, 0x1e57, 7766, nil},
	{0x1e58, 0x1e59, 7768, nil},
	{0x1e59, 0x1e59, 7768, nil},
	{0x1e5a, 0x1e5b, 7770, nil},
	{0x1e5b, 0x1e5b, 7770, nil},
	{0x1e5c, 0x1e5d, 7772, nil},
	{0x1e5d, 0x1e5d, 7772, nil},
	{0x1e5e, 0x1e5f, 7774, nil},
	{0x1e5f, 0x1e5f, 7774, nil},
	{0x1e60, 0x1e61, 7776, nil},
	{0x1e61, 0x1e61, 7776, nil},
	{0x1e62, 0x1e63, 7778, nil},
	{0x1e63, 0x1e63, 7778, nil},
	{0x1e64, 0x1e65, 7780, nil},
	{0x1e65, 0x1e65, 7780, nil},
	{0x1e66, 0x1e67, 7782, nil},
	{0x1e67, 0x1e67, 7782, nil},
	{0x1e68, 0x1e69, 7784, nil},
	{0x1e69, 0x1e69, 7784, nil},
	{0x1e6a, 0x1e6b, 7786, nil},
	{0x1e6b, 0x1e6b, 7786, nil},
	{0x1e6c, 0x1e6d, 7788, nil},
	{0x1e6d, 0x1e6d, 7788, nil},
	{0x1e6e, 0x1e6f, 7790, nil},
	{0x1e6f, 0x1e6f, 7790, nil},
	{0x1e70, 0x1e71, 7792, nil},
	{0x1e71, 0x1e71, 7792, nil},
	{0x1e72, 0x1e73, 7794, nil},
	{0x1e73, 0x1e73, 7794, nil},
	{0x1e74, 0x1e75, 7796, nil},
	{0x1e75, 0x1e75, 7796, nil},
	{0x1e76, 0x1e77, 7798, nil},
	{0x1e77, 0x1e77, 7798, nil},
	{0x1e78, 0x1e79, 7800, nil},
	{0x1e79, 0x1e79, 7800, nil},
	{0x1e7a, 0x1e7b, 7802, nil},
	{0x1e7b, 0x1e7b, 7802, nil},
	{0x1e7c, 0x1e7d, 7804, nil},
	{0x1e7d, 0x1e7d, 7804, nil},
	{0x1e7e, 0x1e7f, 7806, nil},
	{0x1e7f, 0x1e7f, 7806, nil},
	{0x1e80, 0x1e81, 7808, nil},
	{0x1e81, 0x1e81, 7808, nil},
	{0x1e82, 0x1e83, 7810, nil},
	{0x1e83, 0x1e83, 7810, nil},
	{0x1e84, 0x1e85, 7812, nil},
	{0x1e85, 0x1e85, 7812, nil},
	{0x1e86, 0x1e87, 7814, nil},
	{0x1e87, 0x1e87, 7814, nil},
	{0x1e88, 0x1e89, 7816, nil},
	{0x1e89, 0x1e89, 7816, nil},
	{0x1e8a, 0x1e8b, 7818, nil},
	{0x1e8b, 0x1e8b, 7818, nil},
	{0x1e8c, 0x1e8d, 7820, nil},
	{0x1e8d, 0x1e8d, 7820, nil},
	{0x1e8e, 0x1e8f, 7822, nil},
	{0x1e8f, 0x1e8f, 7822, nil},
	{0x1e90, 0x1e91, 7824, nil},
	{0x1e91, 0x1e91, 7824, nil},
	{0x1e92, 0x1e93, 7826, nil},
	{0x1e93, 0x1e93, 7826, nil},
	{0x1e94, 0x1e95, 7828, nil},
	{0x1e95, 0x1e95, 7828, nil},
	{0x1e96, 0x1e96, -1, []uint16{0x48, 0x331}},
	{0x1e97, 0x1e97, -1, []uint16{0x54, 0x308}},
	{0x1e98, 0x1e98, -1, []uint16{0x57, 0x30a}},
	{0x1e99, 0x1e99, -1, []uint16{0x59, 0x30a}},
	{0x1e9a, 0x1e9a, -1, []uint16{0x41, 0x2be}},
	{0x1e9b, 0x1e9b, 7776, nil},
	{0x1e9e, 0xdf, 7838, nil},
	{0x1ea0, 0x1ea1, 7840, nil},
	{0x1ea1, 0x1ea1, 7840, nil},
	{0x1ea2, 0x1ea3, 7842, nil},
	{0x1ea3, 0x1ea3, 7842, nil},
	{0x1ea4, 0x1ea5, 7844, nil},
	{0x1ea5, 0x1ea5, 7844, nil},
	{0x1ea6, 0x1ea7, 7846, nil},
	{0x1ea7, 0x1ea7, 7846, nil},
	{0x1ea8, 0x1ea9, 7848, nil},
	{0x1ea9, 0x1ea9, 7848, nil},
	{0x1eaa, 0x1eab, 7850, nil},
	{0x1eab, 0x1eab, 7850, nil},
	{0x1eac, 0x1ead, 7852, nil},
	{0x1ead, 0x1ead, 7852, nil},
	{0x1eae, 0x1eaf, 7854, nil},
	{0x1eaf, 0x1eaf, 7854, nil},
	{0x1eb0, 0x1eb1, 7856, nil},
	{0x1eb1, 0x1eb1, 7856, nil},
	{0x1eb2, 0x1eb3, 7858, nil},
	{0x1eb3, 0x1eb3, 7858, nil},
	{0x1eb4, 0x1eb5, 7860, nil},
	{0x1eb5, 0x1eb5, 7860, nil},
	{0x1eb6, 0x1eb7, 7862, nil},
	{0x1eb7, 0x1eb7, 7862, nil},
	{0x1eb8, 0x1eb9, 7864, nil},
	{0x1eb9, 0x1eb9, 7864, nil},
	{0x1eba, 0x1ebb, 7866, nil},
	{0x1ebb, 0x1ebb, 7866, nil},
	{0x1ebc, 0x1ebd, 7868, nil},
	{0x1ebd, 0x1ebd, 7868, nil},
	{0x1ebe, 0x1ebf, 7870, nil},
	{0x1ebf, 0x1ebf, 7870, nil},
	{0x1ec0, 0x1ec1, 7872, nil},
	{0x1ec1, 0x1ec1, 7872, nil},
	{0x1ec2, 0x1ec3, 7874, nil},
	{0x1ec3, 0x1ec3, 7874, nil},
	{0x1ec4, 0x1ec5, 7876, nil},
	{0x1ec5, 0x1ec5, 7876, nil},
	{0x1ec6, 0x1ec7, 7878, nil},
	{0x1ec7, 0x1ec7, 7878, nil},
	{0x1ec8, 0x1ec9, 7880, nil},
	{0x1ec9, 0x1ec9, 7880, nil},
	{0x1eca, 0x1ecb, 7882, nil},
	{0x1ecb, 0x1ecb, 7882, nil},
	{0x1ecc, 0x1ecd, 7884, nil},
	{0x1ecd, 0x1ecd, 7884, nil},
	{0x1ece, 0x1ecf, 7886, nil},
	{0x1ecf, 0x1ecf, 7886, nil},
	{0x1ed0, 0x1ed1, 7888, nil},
	{0x1ed1, 0x1ed1, 7888, nil},
	{0x1ed2, 0x1ed3, 7890, nil},
	{0x1ed3, 0x1ed3, 7890, nil},
	{0x1ed4, 0x1ed5, 7892, nil},
	{0x1ed5, 0x1ed5, 7892, nil},
	{0x1ed6, 0x1ed7, 7894, nil},
	{0x1ed7, 0x1ed7, 7894, nil},
	{0x1ed8, 0x1ed9, 7896, nil},
	{0x1ed9, 0x1ed9, 7896, nil},
	{0x1eda, 0x1edb, 7898, nil},
	{0x1edb, 0x1edb, 7898, nil},
	{0x1edc, 0x1edd, 7900, nil},
	{0x1edd, 0x1edd, 7900, nil},
	{0x1ede, 0x1edf, 7902, nil},
	{0x1edf, 0x1edf, 7902, nil},
	{0x1ee0, 0x1ee1, 7904, nil},
	{0x1ee1, 0x1ee1, 7904, nil},
	{0x1ee2, 0x1ee3, 7906, nil},
	{0x1ee3, 0x1ee3, 7906, nil},
	{0x1ee4, 0x1ee5, 7908, nil},
	{0x1ee5, 0x1ee5, 7908, nil},
	{0x1ee6, 0x1ee7, 7910, nil},
	{0x1ee7, 0x1ee7, 7910, nil},
	{0x1ee8, 0x1ee9, 7912, nil},
	{0x1ee9, 0x1ee9, 7912, nil},
	{0x1eea, 0x1eeb, 7914, nil},
	{0x1eeb, 0x1eeb, 7914, nil},
	{0x1eec, 0x1eed, 7916, nil},
	{0x1eed, 0x1eed, 7916, nil},
	{0x1eee, 0x1eef, 7918, nil},
	{0x1eef, 0x1eef, 7918, nil},
	{0x1ef0, 0x1ef1, 7920, nil},
	{0x1ef1, 0x1ef1, 7920, nil},
	{0x1ef2, 0x1ef3, 7922, nil},
	{0x1ef3, 0x1ef3, 7922, nil},
	{0x1ef4, 0x1ef5, 7924, nil},
	{0x1ef5, 0x1ef5, 7924, nil},
	{0x1ef6, 0x1ef7, 7926, nil},
	{0x1ef7, 0x1ef7, 7926, nil},
	{0x1ef8, 0x1ef9, 7928, nil},
	{0x1ef9, 0x1ef9, 7928, nil},
	{0x1efa, 0x1efb, 7930, nil},
	{0x1efb, 0x1efb, 7930, nil},
	{0x1efc, 0x1efd, 7932, nil},
	{0x1efd, 0x1efd, 7932, nil},
	{0x1efe, 0x1eff, 7934, nil},
	{0x1eff, 0x1eff, 7934, nil},
	{0x1f00, 0x1f00, 7944, nil},
	{0x1f01, 0x1f01, 7945, nil},
	{0x1f02, 0x1f02, 7946, nil},
	{0x1f03, 0x1f03, 7947, nil},
	{0x1f04, 0x1f04, 7948, nil},
	{0x1f05, 0x1f05, 7949, nil},
	{0x1f06, 0x1f06, 7950, nil},
	{0x1f07, 0x1f07, 7951, nil},
	{0x1f08, 0x1f00, 7944, nil},
	{0x1f09, 0x1f01, 7945, nil},
	{0x1f0a, 0x1f02, 7946, nil},
	{0x1f0b, 0x1f03, 7947, nil},
	{0x1f0c, 0x1f04, 7948, nil},
	{0x1f0d, 0x1f05, 7949, nil},
	{0x1f0e, 0x1f06, 7950, nil},
	{0x1f0f, 0x1f07, 7951, nil},
	{0x1f10, 0x1f10, 7960, nil},
	{0x1f11, 0x1f11, 7961, nil},
	{0x1f12, 0x1f12, 7962, nil},
	{0x1f13, 0x1f13, 7963, nil},
	{0x1f14, 0x1f14, 7964, nil},
	{0x1f15, 0x1f15, 7965, nil},
	{0x1f18, 0x1f10, 7960, nil},
	{0x1f19, 0x1f11, 7961, nil},
	{0x1f1a, 0x1f12, 7962, nil},
	{0x1f1b, 0x1f13, 7963, nil},
	{0x1f1c, 0x1f14, 7964, nil},
	{0x1f1d, 0x1f15, 7965, nil},
	{0x1f20, 0x1f20, 7976, nil},
	{0x1f21, 0x1f21, 7977, nil},
	{0x1f22, 0x1f22, 7978, nil},
	{0x1f23, 0x1f23, 7979, nil},
	{0x1f24, 0x1f24, 7980, nil},
	{0x1f25, 0x1f25, 7981, nil},
	{0x1f26, 0x1f26, 7982, nil},
	{0x1f27, 0x1f27, 7983, nil},
	{0x1f28, 0x1f20, 7976, nil},
	{0x1f29, 0x1f21, 7977, nil},
	{0x1f2a, 0x1f22, 7978, nil},
	{0x1f2b, 0x1f23, 7979, nil},
	{0x1f2c, 0x1f24, 7980, nil},
	{0x1f2d, 0x1f25, 7981, nil},
	{0x1f2e, 0x1f26, 7982, nil},
	{0x1f2f, 0x1f27, 7983, nil},
	{0x1f30, 0x1f30, 7992, nil},
	{0x1f31, 0x1f31, 7993, nil},
	{0x1f32, 0x1f32, 7994, nil},
	{0x1f33, 0x1f33, 7995, nil},
	{0x1f34, 0x1f34, 7996, nil},
	{0x1f35, 0x1f35, 7997, nil},
	{0x1f36, 0x1f36, 7998, nil},
	{0x1f37, 0x1f37, 7999, nil},
	{0x1f38, 0x1f30, 7992, nil},
	{0x1f39, 0x1f31, 7993, nil},
	{0x1f3a, 0x1f32, 7994, nil},
	{0x1f3b, 0x1f33, 7995, nil},
	{0x1f3c, 0x1f34, 7996, nil},
	{0x1f3d, 0x1f35, 7997, nil},
	{0x1f3e, 0x1f36, 7998, nil},
	{0x1f3f, 0x1f37, 7999, nil},
	{0x1f40, 0x1f40, 8008, nil},
	{0x1f41, 0x1f41, 8009, nil},
	{0x1f42, 0x1f42, 8010, nil},
	{0x1f43, 0x1f43, 8011, nil},
	{0x1f44, 0x1f44, 8012, nil},
	{0x1f45, 0x1f45, 8013, nil},
	{0x1f48, 0x1f40, 8008, nil},
	{0x1f49, 0x1f41, 8009, nil},
	{0x1f4a, 0x1f42, 8010, nil},
	{0x1f4b, 0x1f43, 8011, nil},
	{0x1f4c, 0x1f44, 8012, nil},
	{0x1f4d, 0x1f45, 8013, nil},
	{0x1f50, 0x1f50, -1, []uint16{0x3a5, 0x313}},
	{0x1f51, 0x1f51, 8025, nil},
	{0x1f52, 0x1f52, -1, []uint16{0x3a5, 0x313, 0x300}},
	{0x1f53, 0x1f53, 8027, nil},
	{0x1f54, 0x1f54, -1, []uint16{0x3a5, 0x313, 0x301}},
	{0x1f55, 0x1f55, 8029, nil},
	{0x1f56, 0x1f56, -1, []uint16{0x3a5, 0x313, 0x342}},
	{0x1f57, 0x1f57, 8031, nil},
	{0x1f59, 0x1f51, 8025, nil},
	{0x1f5b, 0x1f53, 8027, nil},
	{0x1f5d, 0x1f55, 8029, nil},
	{0x1f5f, 0x1f57, 8031, nil},
	{0x1f60, 0x1f60, 8040, nil},
	{0x1f61, 0x1f61, 8041, nil},
	{0x1f62, 0x1f62, 8042, nil},
	{0x1f63, 0x1f63, 8043, nil},
	{0x1f64, 0x1f64, 8044, nil},
	{0x1f65, 0x1f65, 8045, nil},
	{0x1f66, 0x1f66, 8046, nil},
	{0x1f67, 0x1f67, 8047, nil},
	{0x1f68, 0x1f60, 8040, nil},
	{0x1f69, 0x1f61, 8041, nil},
	{0x1f6a, 0x1f62, 8042, nil},
	{0x1f6b, 0x1f63, 8043, nil},
	{0x1f6c, 0x1f64, 8044, nil},
	{0x1f6d, 0x1f65, 8045, nil},
	{0x1f6e, 0x1f66, 8046, nil},
	{0x1f6f, 0x1f67, 8047, nil},
	{0x1f70, 0x1f70, 8122, nil},
	{0x1f71, 0x1f71, 8123, nil},
	{0x1f72, 0x1f72, 8136, nil},
	{0x1f73, 0x1f73, 8137, nil},
	{0x1f74, 0x1f74, 8138, nil},
	{0x1f75, 0x1f75, 8139, nil},
	{0x1f76, 0x1f76, 8154, nil},
	{0x1f77, 0x1f77, 8155, nil},
	{0x1f78, 0x1f78, 8184, nil},
	{0x1f79, 0x1f79, 8185, nil},
	{0x1f7a, 0x1f7a, 8170, nil},
	{0x1f7b, 0x1f7b, 8171, nil},
	{0x1f7c, 0x1f7c, 8186, nil},
	{0x1f7d, 0x1f7d, 8187, nil},
	{0x1f80, 0x1f80, -1, []uint16{0x1f08, 0x399}},
	{0x1f81, 0x1f81, -1, []uint16{0x1f09, 0x399}},
	{0x1f82, 0x1f82, -1, []uint16{0x1f0a, 0x399}},
	{0x1f83, 0x1f83, -1, []uint16{0x1f0b, 0x399}},
	{0x1f84, 0x1f84, -1, []uint16{0x1f0c, 0x399}},
	{0x1f85, 0x1f85, -1, []uint16{0x1f0d, 0x399}},
	{0x1f86, 0x1f86, -1, []uint16{0x1f0e, 0x399}},
	{0x1f87, 0x1f87, -1, []uint16{0x1f0f, 0x399}},
	{0x1f88, 0x1f80, -1, []uint16{0x1f08, 0x399}},
	{0x1f89, 0x1f81, -1, []uint16{0x1f09, 0x399}},
	{0x1f8a, 0x1f82, -1, []uint16{0x1f0a, 0x399}},
	{0x1f8b, 0x1f83, -1, []uint16{0x1f0b, 0x399}},
	{0x1f8c, 0x1f84, -1, []uint16{0x1f0c, 0x399}},
	{0x1f8d, 0x1f85, -1, []uint16{0x1f0d, 0x399}},
	{0x1f8e, 0x1f86, -1, []uint16{0x1f0e, 0x399}},
	{0x1f8f, 0x1f87, -1, []uint16{0x1f0f, 0x399}},
	{0x1f90, 0x1f90, -1, []uint16{0x1f28, 0x399}},
	{0x1f91, 0x1f91, -1, []uint16{0x1f29, 0x399}},
	{0x1f92, 0x1f92, -1, []uint16{0x1f2a, 0x399}},
	{0x1f93, 0x1f93, -1, []uint16{0x1f2b, 0x399}},
	{0x1f94, 0x1f94, -1, []uint16{0x1f2c, 0x399}},
	{0x1f95, 0x1f95, -1, []uint16{0x1f2d, 0x399}},
	{0x1f96, 0x1f96, -1, []uint16{0x1f2e, 0x399}},
	{0x1f97, 0x1f97, -1, []uint16{0x1f2f, 0x399}},
	{0x1f98, 0x1f90, -1, []uint16{0x1f28, 0x399}},
	{0x1f99, 0x1f91, -1, []uint16{0x1f29, 0x399}},
	{0x1f9a, 0x1f92, -1, []uint16{0x1f2a, 0x399}},
	{0x1f9b, 0x1f93, -1, []uint16{0x1f2b, 0x399}},
	{0x1f9c, 0x1f94, -1, []uint16{0x1f2c, 0x399}},
	{0x1f9d, 0x1f95, -1, []uint16{0x1f2d, 0x399}},
	{0x1f9e, 0x1f96, -1, []uint16{0x1f2e, 0x399}},
	{0x1f9f, 0x1f97, -1, []uint16{0x1f2f, 0x399}},
	{0x1fa0, 0x1fa0, -1, []uint16{0x1f68, 0x399}},
	{0x1fa1, 0x1fa1, -1, []uint16{0x1f69, 0x399}},
	{0x1fa2, 0x1fa2, -1, []uint16{0x1f6a, 0x399}},
	{0x1fa3, 0x1fa3, -1, []uint16{0x1f6b, 0x399}},
	{0x1fa4, 0x1fa4, -1, []uint16{0x1f6c, 0x399}},
	{0x1fa5, 0x1fa5, -1, []uint16{0x1f6d, 0x399}},
	{0x1fa6, 0x1fa6, -1, []uint16{0x1f6e, 0x399}},
	{0x1fa7, 0x1fa7, -1, []uint16{0x1f6f, 0x399}},
	{0x1fa8, 0x1fa0, -1, []uint16{0x1f68, 0x399}},
	{0x1fa9, 0x1fa1, -1, []uint16{0x1f69, 0x399}},
	{0x1faa, 0x1fa2, -1, []uint16{0x1f6a, 0x399}},
	{0x1fab, 0x1fa3, -1, []uint16{0x1f6b, 0x399}},
	{0x1fac, 0x1fa4, -1, []uint16{0x1f6c, 0x399}},
	{0x1fad, 0x1fa5, -1, []uint16{0x1f6d, 0x399}},
	{0x1fae, 0x1fa6, -1, []uint16{0x1f6e, 0x399}},
	{0x1faf, 0x1fa7, -1, []uint16{0x1f6f, 0x399}},
	{0x1fb0, 0x1fb0, 8120, nil},
	{0x1fb1, 0x1fb1, 8121, nil},
	{0x1fb2, 0x1fb2, -1, []uint16{0x1fba, 0x399}},
	{0x1fb3, 0x1fb3, -1, []uint16{0x391, 0x399}},
	{0x1fb4, 0x1fb4, -1, []uint16{0x386, 0x399}},
	{0x1fb6, 0x1fb6, -1, []uint16{0x391, 0x342}},
	{0x1fb7, 0x1fb7, -1, []uint16{0x391, 0x342, 0x399}},
	{0x1fb8, 0x1fb0, 8120, nil},
	{0x1fb9, 0x1fb1, 8121, nil},
	{0x1fba, 0x1f70, 8122, nil},
	{0x1fbb, 0x1f71, 8123, nil},
	{0x1fbc, 0x1fb3, -1, []uint16{0x391, 0x399}},
	{0x1fbe, 0x1fbe, 921, nil},
	{0x1fc2, 0x1fc2, -1, []uint16{0x1fca, 0x399}},
	{0x1fc3, 0x1fc3, -1, []uint16{0x397, 0x399}},
	{0x1fc4, 0x1fc4, -1, []uint16{0x389, 0x399}},
	{0x1fc6, 0x1fc6, -1, []uint16{0x397, 0x342}},
	{0x1fc7, 0x1fc7, -1, []uint16{0x397, 0x342, 0x399}},
	{0x1fc8, 0x1f72, 8136, nil},
	{0x1fc9, 0x1f73, 8137, nil},
	{0x1fca, 0x1f74, 8138, nil},
	{0x1fcb, 0x1f75, 8139, nil},
	{0x1fcc, 0x1fc3, -1, []uint16{0x397, 0x399}},
	{0x1fd0, 0x1fd0, 8152, nil},
	{0x1fd1, 0x1fd1, 8153, nil},
	{0x1fd2, 0x1fd2, -1, []uint16{0x399, 0x308, 0x300}},
	{0x1fd3, 0x1fd3, -1, []uint16{0x399, 0x308, 0x301}},
	{0x1fd6, 0x1fd6, -1, []uint16{0x399, 0x342}},
	{0x1fd7, 0x1fd7, -1, []uint16{0x399, 0x308, 0x342}},
	{0x1fd8, 0x1fd0, 8152, nil},
	{0x1fd9, 0x1fd1, 8153, nil},
	{0x1fda, 0x1f76, 8154, nil},
	{0x1fdb, 0x1f77, 8155, nil},
	{0x1fe0, 0x1fe0, 8168, nil},
	{0x1fe1, 0x1fe1, 8169, nil},
	{0x1fe2, 0x1fe2, -1, []uint16{0x3a5, 0x308, 0x300}},
	{0x1fe3, 0x1fe3, -1, []uint16{0x3a5, 0x308, 0x301}},
	{0x1fe4, 0x1fe4, -1, []uint16{0x3a1, 0x313}},
	{0x1fe5, 0x1fe5, 8172, nil},
	{0x1fe6, 0x1fe6, -1, []uint16{0x3a5, 0x342}},
	{0x1fe7, 0x1fe7, -1, []uint16{0x3a5, 0x308, 0x342}},
	{0x1fe8, 0x1fe0, 8168, nil},
	{0x1fe9, 0x1fe1, 8169, nil},
	{0x1fea, 0x1f7a, 8170, nil},
	{0x1feb, 0x1f7b, 8171, nil},
	{0x1fec, 0x1fe5, 8172, nil},
	{0x1ff2, 0x1ff2, -1, []uint16{0x1ffa, 0x399}},
	{0x1ff3, 0x1ff3, -1, []uint16{0x3a9, 0x399}},
	{0x1ff4, 0x1ff4, -1, []uint16{0x38f, 0x399}},
	{0x1ff6, 0x1ff6, -1, []uint16{0x3a9, 0x342}},
	{0x1ff7, 0x1ff7, -1, []uint16{0x3a9, 0x342, 0x399}},
	{0x1ff8, 0x1f78, 8184, nil},
	{0x1ff9, 0x1f79, 8185, nil},
	{0x1ffa, 0x1f7c, 8186, nil},
	{0x1ffb, 0x1f7d, 8187, nil},
	{0x1ffc, 0x1ff3, -1, []uint16{0x3a9, 0x399}},
	{0x2126, 0x3c9, 8486, nil},
	{0x212a, 0x6b, 8490, nil},
	{0x212b, 0xe5, 8491, nil},
	{0x2132, 0x214e, 8498, nil},
	{0x214e, 0x214e, 8498, nil},
	{0x2160, 0x2170, 8544, nil},
	{0x2161, 0x2171, 8545, nil},
	{0x2162, 0x2172, 8546, nil},
	{0x2163, 0x2173, 8547, nil},
	{0x2164, 0x2174, 8548, nil},
	{0x2165, 0x2175, 8549, nil},
	{0x2166, 0x2176, 8550, nil},
	{0x2167, 0x2177, 8551, nil},
	{0x2168, 0x2178, 8552, nil},
	{0x2169, 0x2179, 8553, nil},
	{0x216a, 0x217a, 8554, nil},
	{0x216b, 0x217b, 8555, nil},
	{0x216c, 0x217c, 8556, nil},
	{0x216d, 0x217d, 8557, nil},
	{0x216e, 0x217e, 8558, nil},
	{0x216f, 0x217f, 8559, nil},
	{0x2170, 0x2170, 8544, nil},
	{0x2171, 0x2171, 8545, nil},
	{0x2172, 0x2172, 8546, nil},
	{0x2173, 0x2173, 8547, nil},
	{0x2174, 0x2174, 8548, nil},
	{0x2175, 0x2175, 8549, nil},
	{0x2176, 0x2176, 8550, nil},
	{0x2177, 0x2177, 8551, nil},
	{0x2178, 0x2178, 8552, nil},
	{0x2179, 0x2179, 8553, nil},
	{0x217a, 0x217a, 8554, nil},
	{0x217b, 0x217b, 8555, nil},
	{0x217c, 0x217c, 8556, nil},
	{0x217d, 0x217d, 8557, nil},
	{0x217e, 0x217e, 8558, nil},
	{0x217f, 0x217f, 8559, nil},
	{0x2183, 0x2184, 8579, nil},
	{0x2184, 0x2184, 8579, nil},
	{0x24b6, 0x24d0, 9398, nil},
	{0x24b7, 0x24d1, 9399, nil},
	{0x24b8, 0x24d2, 9400, nil},
	{0x24b9, 0x24d3, 9401, nil},
	{0x24ba, 0x24d4, 9402, nil},
	{0x24bb, 0x24d5, 9403, nil},
	{0x24bc, 0x24d6, 9404, nil},
	{0x24bd, 0x24d7, 9405, nil},
	{0x24be, 0x24d8, 9406, nil},
	{0x24bf, 0x24d9, 9407, nil},
	{0x24c0, 0x24da, 9408, nil},
	{0x24c1, 0x24db, 9409, nil},
	{0x24c2, 0x24dc, 9410, nil},
	{0x24c3, 0x24dd, 9411, nil},
	{0x24c4, 0x24de, 9412, nil},
	{0x24c5, 0x24df, 9413, nil},
	{0x24c6, 0x24e0, 9414, nil},
	{0x24c7, 0x24e1, 9415, nil},
	{0x24c8, 0x24e2, 9416, nil},
	{0x24c9, 0x24e3, 9417, nil},
	{0x24ca, 0x24e4, 9418, nil},
	{0x24cb, 0x24e5, 9419, nil},
	{0x24cc, 0x24e6, 9420, nil},
	{0x24cd, 0x24e7, 9421, nil},
	{0x24ce, 0x24e8, 9422, nil},
	{0x24cf, 0x24e9, 9423, nil},
	{0x24d0, 0x24d0, 9398, nil},
	{0x24d1, 0x24d1, 9399, nil},
	{0x24d2, 0x24d2, 9400, nil},
	{0x24d3, 0x24d3, 9401, nil},
	{0x24d4, 0x24d4, 9402, nil},
	{0x24d5, 0x24d5, 9403, nil},
	{0x24d6, 0x24d6, 9404, nil},
	{0x24d7, 0x24d7, 9405, nil},
	{0x24d8, 0x24d8, 9406, nil},
	{0x24d9, 0x24d9, 9407, nil},
	{0x24da, 0x24da, 9408, nil},
	{0x24db, 0x24db, 9409, nil},
	{0x24dc, 0x24dc, 9410, nil},
	{0x24dd, 0x24dd, 9411, nil},
	{0x24de, 0x24de, 9412, nil},
	{0x24df, 0x24df, 9413, nil},
	{0x24e0, 0x24e0, 9414, nil},
	{0x24e1, 0x24e1, 9415, nil},
	{0x24e2, 0x24e2, 9416, nil},
	{0x24e3, 0x24e3, 9417, nil},
	{0x24e4, 0x24e4, 9418, nil},
	{0x24e5, 0x24e5, 9419, nil},
	{0x24e6, 0x24e6, 9420, nil},
	{0x24e7, 0x24e7, 9421, nil},
	{0x24e8, 0x24e8, 9422, nil},
	{0x24e9, 0x24e9, 9423, nil},
	{0x2c00, 0x2c30, 11264, nil},
	{0x2c01, 0x2c31, 11265, nil},
	{0x2c02, 0x2c32, 11266, nil},
	{0x2c03, 0x2c33, 11267, nil},
	{0x2c04, 0x2c34, 11268, nil},
	{0x2c05, 0x2c35, 11269, nil},
	{0x2c06, 0x2c36, 11270, nil},
	{0x2c07, 0x2c37, 11271, nil},
	{0x2c08, 0x2c38, 11272, nil},
	{0x2c09, 0x2c39, 11273, nil},
	{0x2c0a, 0x2c3a, 11274, nil},
	{0x2c0b, 0x2c3b, 11275, nil},
	{0x2c0c, 0x2c3c, 11276, nil},
	{0x2c0d, 0x2c3d, 11277, nil},
	{0x2c0e, 0x2c3e, 11278, nil},
	{0x2c0f, 0x2c3f, 11279, nil},
	{0x2c10, 0x2c40, 11280, nil},
	{0x2c11, 0x2c41, 11281, nil},
	{0x2c12, 0x2c42, 11282, nil},
	{0x2c13, 0x2c43, 11283, nil},
	{0x2c14, 0x2c44, 11284, nil},
	{0x2c15, 0x2c45, 11285, nil},
	{0x2c16, 0x2c46, 11286, nil},
	{0x2c17, 0x2c47, 11287, nil},
	{0x2c18, 0x2c48, 11288, nil},
	{0x2c19, 0x2c49, 11289, nil},
	{0x2c1a, 0x2c4a, 11290, nil},
	{0x2c1b, 0x2c4b, 11291, nil},
	{0x2c1c, 0x2c4c, 11292, nil},
	{0x2c1d, 0x2c4d, 11293, nil},
	{0x2c1e, 0x2c4e, 11294, nil},
	{0x2c1f, 0x2c4f, 11295, nil},
	{0x2c20, 0x2c50, 11296, nil},
	{0x2c21, 0x2c51, 11297, nil},
	{0x2c22, 0x2c52, 11298, nil},
	{0x2c23, 0x2c53, 11299, nil},
	{0x2c24, 0x2c54, 11300, nil},
	{0x2c25, 0x2c55, 11301, nil},
	{0x2c26, 0x2c56, 11302, nil},
	{0x2c27, 0x2c57, 11303, nil},
	{0x2c28, 0x2c58, 11304, nil},
	{0x2c29, 0x2c59, 11305, nil},
	{0x2c2a, 0x2c5a, 11306, nil},
	{0x2c2b, 0x2c5b, 11307, nil},
	{0x2c2c, 0x2c5c, 11308, nil},
	{0x2c2d, 0x2c5d, 11309, nil},
	{0x2c2e, 0x2c5e, 11310, nil},
	{0x2c2f, 0x2c5f, 11311, nil},
	{0x2c30, 0x2c30, 11264, nil},
	{0x2c31, 0x2c31, 11265, nil},
	{0x2c32, 0x2c32, 11266, nil},
	{0x2c33, 0x2c33, 11267, nil},
	{0x2c34, 0x2c34, 11268, nil},
	{0x2c35, 0x2c35, 11269, nil},
	{0x2c36, 0x2c36, 11270, nil},
	{0x2c37, 0x2c37, 11271, nil},
	{0x2c38, 0x2c38, 11272, nil},
	{0x2c39, 0x2c39, 11273, nil},
	{0x2c3a, 0x2c3a, 11274, nil},
	{0x2c3b, 0x2c3b, 11275, nil},
	{0x2c3c, 0x2c3c, 11276, nil},
	{0x2c3d, 0x2c3d, 11277, nil},
	{0x2c3e, 0x2c3e, 11278, nil},
	{0x2c3f, 0x2c3f, 11279, nil},
	{0x2c40, 0x2c40, 11280, nil},
	{0x2c41, 0x2c41, 11281, nil},
	{0x2c42, 0x2c42, 11282, nil},
	{0x2c43, 0x2c43, 11283, nil},
	{0x2c44, 0x2c44, 11284, nil},
	{0x2c45, 0x2c45, 11285, nil},
	{0x2c46, 0x2c46, 11286, nil},
	{0x2c47, 0x2c47, 11287, nil},
	{0x2c48, 0x2c48, 11288, nil},
	{0x2c49, 0x2c49, 11289, nil},
	{0x2c4a, 0x2c4a, 11290, nil},
	{0x2c4b, 0x2c4b, 11291, nil},
	{0x2c4c, 0x2c4c, 11292, nil},
	{0x2c4d, 0x2c4d, 11293, nil},
	{0x2c4e, 0x2c4e, 11294, nil},
	{0x2c4f, 0x2c4f, 11295, nil},
	{0x2c50, 0x2c50, 11296, nil},
	{0x2c51, 0x2c51, 11297, nil},
	{0x2c52, 0x2c52, 11298, nil},
	{0x2c53, 0x2c53, 11299, nil},
	{0x2c54, 0x2c54, 11300, nil},
	{0x2c55, 0x2c55, 11301, nil},
	{0x2c56, 0x2c56, 11302, nil},
	{0x2c57, 0x2c57, 11303, nil},
	{0x2c58, 0x2c58, 11304, nil},
	{0x2c59, 0x2c59, 11305, nil},
	{0x2c5a, 0x2c5a, 11306, nil},
	{0x2c5b, 0x2c5b, 11307, nil},
	{0x2c5c, 0x2c5c, 11308, nil},
	{0x2c5d, 0x2c5d, 11309, nil},
	{0x2c5e, 0x2c5e, 11310, nil},
	{0x2c5f, 0x2c5f, 11311, nil},
	{0x2c60, 0x2c61, 11360, nil},
	{0x2c61, 0x2c61, 11360, nil},
	{0x2c62, 0x26b, 11362, nil},
	{0x2c63, 0x1d7d, 11363, nil},
	{0x2c64, 0x27d, 11364, nil},
	{0x2c65, 0x2c65, 570, nil},
	{0x2c66, 0x2c66, 574, nil},
	{0x2c67, 0x2c68, 11367, nil},
	{0x2c68, 0x2c68, 11367, nil},
	{0x2c69, 0x2c6a, 11369, nil},
	{0x2c6a, 0x2c6a, 11369, nil},
	{0x2c6b, 0x2c6c, 11371, nil},
	{0x2c6c, 0x2c6c, 11371, nil},
	{0x2c6d, 0x251, 11373, nil},
	{0x2c6e, 0x271, 11374, nil},
	{0x2c6f, 0x250, 11375, nil},
	{0x2c70, 0x252, 11376, nil},
	{0x2c72, 0x2c73, 11378, nil},
	{0x2c73, 0x2c73, 11378, nil},
	{0x2c75, 0x2c76, 11381, nil},
	{0x2c76, 0x2c76, 11381, nil},
	{0x2c7e, 0x23f, 11390, nil},
	{0x2c7f, 0x240, 11391, nil},
	{0x2c80, 0x2c81, 11392, nil},
	{0x2c81, 0x2c81, 11392, nil},
	{0x2c82, 0x2c83, 11394, nil},
	{0x2c83, 0x2c83, 11394, nil},
	{0x2c84, 0x2c85, 11396, nil},
	{0x2c85, 0x2c85, 11396, nil},
	{0x2c86, 0x2c87, 11398, nil},
	{0x2c87, 0x2c87, 11398, nil},
	{0x2c88, 0x2c89, 11400, nil},
	{0x2c89, 0x2c89, 11400, nil},
	{0x2c8a, 0x2c8b, 11402, nil},
	{0x2c8b, 0x2c8b, 11402, nil},
	{0x2c8c, 0x2c8d, 11404, nil},
	{0x2c8d, 0x2c8d, 11404, nil},
	{0x2c8e, 0x2c8f, 11406, nil},
	{0x2c8f, 0x2c8f, 11406, nil},
	{0x2c90, 0x2c91, 11408, nil},
	{0x2c91, 0x2c91, 11408, nil},
	{0x2c92, 0x2c93, 11410, nil},
	{0x2c93, 0x2c93, 11410, nil},
	{0x2c94, 0x2c95, 11412, nil},
	{0x2c95, 0x2c95, 11412, nil},
	{0x2c96, 0x2c97, 11414, nil},
	{0x2c97, 0x2c97, 11414, nil},
	{0x2c98, 0x2c99, 11416, nil},
	{0x2c99, 0x2c99, 11416, nil},
	{0x2c9a, 0x2c9b, 11418, nil},
	{0x2c9b, 0x2c9b, 11418, nil},
	{0x2c9c, 0x2c9d, 11420, nil},
	{0x2c9d, 0x2c9d, 11420, nil},
	{0x2c9e, 0x2c9f, 11422, nil},
	{0x2c9f, 0x2c9f, 11422, nil},
	{0x2ca0, 0x2ca1, 11424, nil},
	{0x2ca1, 0x2ca1, 11424, nil},
	{0x2ca2, 0x2ca3, 11426, nil},
	{0x2ca3, 0x2ca3, 11426, nil},
	{0x2ca4, 0x2ca5, 11428, nil},
	{0x2ca5, 0x2ca5, 11428, nil},
	{0x2ca6, 0x2ca7, 11430, nil},
	{0x2ca7, 0x2ca7, 11430, nil},
	{0x2ca8, 0x2ca9, 11432, nil},
	{0x2ca9, 0x2ca9, 11432, nil},
	{0x2caa, 0x2cab, 11434, nil},
	{0x2cab, 0x2cab, 11434, nil},
	{0x2cac, 0x2cad, 11436, nil},
	{0x2cad, 0x2cad, 11436, nil},
	{0x2cae, 0x2caf, 11438, nil},
	{0x2caf, 0x2caf, 11438, nil},
	{0x2cb0, 0x2cb1, 11440, nil},
	{0x2cb1, 0x2cb1, 11440, nil},
	{0x2cb2, 0x2cb3, 11442, nil},
	{0x2cb3, 0x2cb3, 11442, nil},
	{0x2cb4, 0x2cb5, 11444, nil},
	{0x2cb5, 0x2cb5, 11444, nil},
	{0x2cb6, 0x2cb7, 11446, nil},
	{0x2cb7, 0x2cb7, 11446, nil},
	{0x2cb8, 0x2cb9, 11448, nil},
	{0x2cb9, 0x2cb9, 11448, nil},
	{0x2cba, 0x2cbb, 11450, nil},
	{0x2cbb, 0x2cbb, 11450, nil},
	{0x2cbc, 0x2cbd, 11452, nil},
	{0x2cbd, 0x2cbd, 11452, nil},
	{0x2cbe, 0x2cbf, 11454, nil},
	{0x2cbf, 0x2cbf, 11454, nil},
	{0x2cc0, 0x2cc1, 11456, nil},
	{0x2cc1, 0x2cc1, 11456, nil},
	{0x2cc2, 0x2cc3, 11458, nil},
	{0x2cc3, 0x2cc3, 11458, nil},
	{0x2cc4, 0x2cc5, 11460, nil},
	{0x2cc5, 0x2cc5, 11460, nil},
	{0x2cc6, 0x2cc7, 11462, nil},
	{0x2cc7, 0x2cc7, 11462, nil},
	{0x2cc8, 0x2cc9, 11464, nil},
	{0x2cc9, 0x2cc9, 11464, nil},
	{0x2cca, 0x2ccb, 11466, nil},
	{0x2ccb, 0x2ccb, 11466, nil},
	{0x2ccc, 0x2ccd, 11468, nil},
	{0x2ccd, 0x2ccd, 11468, nil},
	{0x2cce, 0x2ccf, 11470, nil},
	{0x2ccf, 0x2ccf, 11470, nil},
	{0x2cd0, 0x2cd1, 11472, nil},
	{0x2cd1, 0x2cd1, 11472, nil},
	{0x2cd2, 0x2cd3, 11474, nil},
	{0x2cd3, 0x2cd3, 11474, nil},
	{0x2cd4, 0x2cd5, 11476, nil},
	{0x2cd5, 0x2cd5, 11476, nil},
	{0x2cd6, 0x2cd7, 11478, nil},
	{0x2cd7, 0x2cd7, 11478, nil},
	{0x2cd8, 0x2cd9, 11480, nil},
	{0x2cd9, 0x2cd9, 11480, nil},
	{0x2cda, 0x2cdb, 11482, nil},
	{0x2cdb, 0x2cdb, 11482, nil},
	{0x2cdc, 0x2cdd, 11484, nil},
	{0x2cdd, 0x2cdd, 11484, nil},
	{0x2cde, 0x2cdf, 11486, nil},
	{0x2cdf, 0x2cdf, 11486, nil},
	{0x2ce0, 0x2ce1, 11488, nil},
	{0x2ce1, 0x2ce1, 11488, nil},
	{0x2ce2, 0x2ce3, 11490, nil},
	{0x2ce3, 0x2ce3, 11490, nil},
	{0x2ceb, 0x2cec, 11499, nil},
	{0x2cec, 0x2cec, 11499, nil},
	{0x2ced, 0x2cee, 11501, nil},
	{0x2cee, 0x2cee, 11501, nil},
	{0x2cf2, 0x2cf3, 11506, nil},
	{0x2cf3, 0x2cf3, 11506, nil},
	{0x2d00, 0x2d00, 4256, nil},
	{0x2d01, 0x2d01, 4257, nil},
	{0x2d02, 0x2d02, 4258, nil},
	{0x2d03, 0x2d03, 4259, nil},
	{0x2d04, 0x2d04, 4260, nil},
	{0x2d05, 0x2d05, 4261, nil},
	{0x2d06, 0x2d06, 4262, nil},
	{0x2d07, 0x2d07, 4263, nil},
	{0x2d08, 0x2d08, 4264, nil},
	{0x2d09, 0x2d09, 4265, nil},
	{0x2d0a, 0x2d0a, 4266, nil},
	{0x2d0b, 0x2d0b, 4267, nil},
	{0x2d0c, 0x2d0c, 4268, nil},
	{0x2d0d, 0x2d0d, 4269, nil},
	{0x2d0e, 0x2d0e, 4270, nil},
	{0x2d0f, 0x2d0f, 4271, nil},
	{0x2d10, 0x2d10, 4272, nil},
	{0x2d11, 0x2d11, 4273, nil},
	{0x2d12, 0x2d12, 4274, nil},
	{0x2d13, 0x2d13, 4275, nil},
	{0x2d14, 0x2d14, 4276, nil},
	{0x2d15, 0x2d15, 4277, nil},
	{0x2d16, 0x2d16, 4278, nil},
	{0x2d17, 0x2d17, 4279, nil},
	{0x2d18, 0x2d18, 4280, nil},
	{0x2d19, 0x2d19, 4281, nil},
	{0x2d1a, 0x2d1a, 4282, nil},
	{0x2d1b, 0x2d1b, 4283, nil},
	{0x2d1c, 0x2d1c, 4284, nil},
	{0x2d1d, 0x2d1d, 4285, nil},
	{0x2d1e, 0x2d1e, 4286, nil},
	{0x2d1f, 0x2d1f, 4287, nil},
	{0x2d20, 0x2d20, 4288, nil},
	{0x2d21, 0x2d21, 4289, nil},
	{0x2d22, 0x2d22, 4290, nil},
	{0x2d23, 0x2d23, 4291, nil},
	{0x2d24, 0x2d24, 4292, nil},
	{0x2d25, 0x2d25, 4293, nil},
	{0x2d27, 0x2d27, 4295, nil},
	{0x2d2d, 0x2d2d, 4301, nil},
	{0xa640, 0xa641, 42560, nil},
	{0xa641, 0xa641, 42560, nil},
	{0xa642, 0xa643, 42562, nil},
	{0xa643, 0xa643, 42562, nil},
	{0xa644, 0xa645, 42564, nil},
	{0xa645, 0xa645, 42564, nil},
	{0xa646, 0xa647, 42566, nil},
	{0xa647, 0xa647, 42566, nil},
	{0xa648, 0xa649, 42568, nil},
	{0xa649, 0xa649, 42568, nil},
	{0xa64a, 0xa64b, 42570, nil},
	{0xa64b, 0xa64b, 42570, nil},
	{0xa64c, 0xa64d, 42572, nil},
	{0xa64d, 0xa64d, 42572, nil},
	{0xa64e, 0xa64f, 42574, nil},
	{0xa64f, 0xa64f, 42574, nil},
	{0xa650, 0xa651, 42576, nil},
	{0xa651, 0xa651, 42576, nil},
	{0xa652, 0xa653, 42578, nil},
	{0xa653, 0xa653, 42578, nil},
	{0xa654, 0xa655, 42580, nil},
	{0xa655, 0xa655, 42580, nil},
	{0xa656, 0xa657, 42582, nil},
	{0xa657, 0xa657, 42582, nil},
	{0xa658, 0xa659, 42584, nil},
	{0xa659, 0xa659, 42584, nil},
	{0xa65a, 0xa65b, 42586, nil},
	{0xa65b, 0xa65b, 42586, nil},
	{0xa65c, 0xa65d, 42588, nil},
	{0xa65d, 0xa65d, 42588, nil},
	{0xa65e, 0xa65f, 42590, nil},
	{0xa65f, 0xa65f, 42590, nil},
	{0xa660, 0xa661, 42592, nil},
	{0xa661, 0xa661, 42592, nil},
	{0xa662, 0xa663, 42594, nil},
	{0xa663, 0xa663, 42594, nil},
	{0xa664, 0xa665, 42596, nil},
	{0xa665, 0xa665, 42596, nil},
	{0xa666, 0xa667, 42598, nil},
	{0xa667, 0xa667, 42598, nil},
	{0xa668, 0xa669, 42600, nil},
	{0xa669, 0xa669, 42600, nil},
	{0xa66a, 0xa66b, 42602, nil},
	{0xa66b, 0xa66b, 42602, nil},
	{0xa66c, 0xa66d, 42604, nil},
	{0xa66d, 0xa66d, 42604, nil},
	{0xa680, 0xa681, 42624, nil},
	{0xa681, 0xa681, 42624, nil},
	{0xa682, 0xa683, 42626, nil},
	{0xa683, 0xa683, 42626, nil},
	{0xa684, 0xa685, 42628, nil},
	{0xa685, 0xa685, 42628, nil},
	{0xa686, 0xa687, 42630, nil},
	{0xa687, 0xa687, 42630, nil},
	{0xa688, 0xa689, 42632, nil},
	{0xa689, 0xa689, 42632, nil},
	{0xa68a, 0xa68b, 42634, nil},
	{0xa68b, 0xa68b, 42634, nil},
	{0xa68c, 0xa68d, 42636, nil},
	{0xa68d, 0xa68d, 42636, nil},
	{0xa68e, 0xa68f, 42638, nil},
	{0xa68f, 0xa68f, 42638, nil},
	{0xa690, 0xa691, 42640, nil},
	{0xa691, 0xa691, 42640, nil},
	{0xa692, 0xa693, 42642, nil},
	{0xa693, 0xa693, 42642, nil},
	{0xa694, 0xa695, 42644, nil},
	{0xa695, 0xa695, 42644, nil},
	{0xa696, 0xa697, 42646, nil},
	{0xa697, 0xa697, 42646, nil},
	{0xa698, 0xa699, 42648, nil},
	{0xa699, 0xa699, 42648, nil},
	{0xa69a, 0xa69b, 42650, nil},
	{0xa69b, 0xa69b, 42650, nil},
	{0xa722, 0xa723, 42786, nil},
	{0xa723, 0xa723, 42786, nil},
	{0xa724, 0xa725, 42788, nil},
	{0xa725, 0xa725, 42788, nil},
	{0xa726, 0xa727, 42790, nil},
	{0xa727, 0xa727, 42790, nil},
	{0xa728, 0xa729, 42792, nil},
	{0xa729, 0xa729, 42792, nil},
	{0xa72a, 0xa72b, 42794, nil},
	{0xa72b, 0xa72b, 42794, nil},
	{0xa72c, 0xa72d, 42796, nil},
	{0xa72d, 0xa72d, 42796, nil},
	{0xa72e, 0xa72f, 42798, nil},
	{0xa72f, 0xa72f, 42798, nil},
	{0xa732, 0xa733, 42802, nil},
	{0xa733, 0xa733, 42802, nil},
	{0xa734, 0xa735, 42804, nil},
	{0xa735, 0xa735, 42804, nil},
	{0xa736, 0xa737, 42806, nil},
	{0xa737, 0xa737, 42806, nil},
	{0xa738, 0xa739, 42808, nil},
	{0xa739, 0xa739, 42808, nil},
	{0xa73a, 0xa73b, 42810, nil},
	{0xa73b, 0xa73b, 42810, nil},
	{0xa73c, 0xa73d, 42812, nil},
	{0xa73d, 0xa73d, 42812, nil},
	{0xa73e, 0xa73f, 42814, nil},
	{0xa73f, 0xa73f, 42814, nil},
	{0xa740, 0xa741, 42816, nil},
	{0xa741, 0xa741, 42816, nil},
	{0xa742, 0xa743, 42818, nil},
	{0xa743, 0xa743, 42818, nil},
	{0xa744, 0xa745, 42820, nil},
	{0xa745, 0xa745, 42820, nil},
	{0xa746, 0xa747, 42822, nil},
	{0xa747, 0xa747, 42822, nil},
	{0xa748, 0xa749, 42824, nil},
	{0xa749, 0xa749, 42824, nil},
	{0xa74a, 0xa74b, 42826, nil},
	{0xa74b, 0xa74b, 42826, nil},
	{0xa74c, 0xa74d, 42828, nil},
	{0xa74d, 0xa74d, 42828, nil},
	{0xa74e, 0xa74f, 42830, nil},
	{0xa74f, 0xa74f, 42830, nil},
	{0xa750, 0xa751, 42832, nil},
	{0xa751, 0xa751, 42832, nil},
	{0xa752, 0xa753, 42834, nil},
	{0xa753, 0xa753, 42834, nil},
	{0xa754, 0xa755, 42836, nil},
	{0xa755, 0xa755, 42836, nil},
	{0xa756, 0xa757, 42838, nil},
	{0xa757, 0xa757, 42838, nil},
	{0xa758, 0xa759, 42840, nil},
	{0xa759, 0xa759, 42840, nil},
	{0xa75a, 0xa75b, 42842, nil},
	{0xa75b, 0xa75b, 42842, nil},
	{0xa75c, 0xa75d, 42844, nil},
	{0xa75d, 0xa75d, 42844, nil},
	{0xa75e, 0xa75f, 42846, nil},
	{0xa75f, 0xa75f, 42846, nil},
	{0xa760, 0xa761, 42848, nil},
	{0xa761, 0xa761, 42848, nil},
	{0xa762, 0xa763, 42850, nil},
	{0xa763, 0xa763, 42850, nil},
	{0xa764, 0xa765, 42852, nil},
	{0xa765, 0xa765, 42852, nil},
	{0xa766, 0xa767, 42854, nil},
	{0xa767, 0xa767, 42854, nil},
	{0xa768, 0xa769, 42856, nil},
	{0xa769, 0xa769, 42856, nil},
	{0xa76a, 0xa76b, 42858, nil},
	{0xa76b, 0xa76b, 42858, nil},
	{0xa76c, 0xa76d, 42860, nil},
	{0xa76d, 0xa76d, 42860, nil},
	{0xa76e, 0xa76f, 42862, nil},
	{0xa76f, 0xa76f, 42862, nil},
	{0xa779, 0xa77a, 42873, nil},
	{0xa77a, 0xa77a, 42873, nil},
	{0xa77b, 0xa77c, 42875, nil},
	{0xa77c, 0xa77c, 42875, nil},
	{0xa77d, 0x1d79, 42877, nil},
	{0xa77e, 0xa77f, 42878, nil},
	{0xa77f, 0xa77f, 42878, nil},
	{0xa780, 0xa781, 42880, nil},
	{0xa781, 0xa781, 42880, nil},
	{0xa782, 0xa783, 42882, nil},
	{0xa783, 0xa783, 42882, nil},
	{0xa784, 0xa785, 42884, nil},
	{0xa785, 0xa785, 42884, nil},
	{0xa786, 0xa787, 42886, nil},
	{0xa787, 0xa787, 42886, nil},
	{0xa78b, 0xa78c, 42891, nil},
	{0xa78c, 0xa78c, 42891, nil},
	{0xa78d, 0x265, 42893, nil},
	{0xa790, 0xa791, 42896, nil},
	{0xa791, 0xa791, 42896, nil},
	{0xa792, 0xa793, 42898, nil},
	{0xa793, 0xa793, 42898, nil},
	{0xa794, 0xa794, 42948, nil},
	{0xa796, 0xa797, 42902, nil},
	{0xa797, 0xa797, 42902, nil},
	{0xa798, 0xa799, 42904, nil},
	{0xa799, 0xa799, 42904, nil},
	{0xa79a, 0xa79b, 42906, nil},
	{0xa79b, 0xa79b, 42906, nil},
	{0xa79c, 0xa79d, 42908, nil},
	{0xa79d, 0xa79d, 42908, nil},
	{0xa79e, 0xa79f, 42910, nil},
	{0xa79f, 0xa79f, 42910, nil},
	{0xa7a0, 0xa7a1, 42912, nil},
	{0xa7a1, 0xa7a1, 42912, nil},
	{0xa7a2, 0xa7a3, 42914, nil},
	{0xa7a3, 0xa7a3, 42914, nil},
	{0xa7a4, 0xa7a5, 42916, nil},
	{0xa7a5, 0xa7a5, 42916, nil},
	{0xa7a6, 0xa7a7, 42918, nil},
	{0xa7a7, 0xa7a7, 42918, nil},
	{0xa7a8, 0xa7a9, 42920, nil},
	{0xa7a9, 0xa7a9, 42920, nil},
	{0xa7aa, 0x266, 42922, nil},
	{0xa7ab, 0x25c, 42923, nil},
	{0xa7ac, 0x261, 42924, nil},
	{0xa7ad, 0x26c, 42925, nil},
	{0xa7ae, 0x26a, 42926, nil},
	{0xa7b0, 0x29e, 42928, nil},
	{0xa7b1, 0x287, 42929, nil},
	{0xa7b2, 0x29d, 42930, nil},
	{0xa7b3, 0xab53, 42931, nil},
	{0xa7b4, 0xa7b5, 42932, nil},
	{0xa7b5, 0xa7b5, 42932, nil},
	{0xa7b6, 0xa7b7, 42934, nil},
	{0xa7b7, 0xa7b7, 42934, nil},
	{0xa7b8, 0xa7b9, 42936, nil},
	{0xa7b9, 0xa7b9, 42936, nil},
	{0xa7ba, 0xa7bb, 42938, nil},
	{0xa7bb, 0xa7bb, 42938, nil},
	{0xa7bc, 0xa7bd, 42940, nil},
	{0xa7bd, 0xa7bd, 42940, nil},
	{0xa7be, 0xa7bf, 42942, nil},
	{0xa7bf, 0xa7bf, 42942, nil},
	{0xa7c0, 0xa7c1, 42944, nil},
	{0xa7c1, 0xa7c1, 42944, nil},
	{0xa7c2, 0xa7c3, 42946, nil},
	{0xa7c3, 0xa7c3, 42946, nil},
	{0xa7c4, 0xa794, 42948, nil},
	{0xa7c5, 0x282, 42949, nil},
	{0xa7c6, 0x1d8e, 42950, nil},
	{0xa7c7, 0xa7c8, 42951, nil},
	{0xa7c8, 0xa7c8, 42951, nil},
	{0xa7c9, 0xa7ca, 42953, nil},
	{0xa7ca, 0xa7ca, 42953, nil},
	{0xa7d0, 0xa7d1, 42960, nil},
	{0xa7d1, 0xa7d1, 42960, nil},
	{0xa7d6, 0xa7d7, 42966, nil},
	{0xa7d7, 0xa7d7, 42966, nil},
	{0xa7d8, 0xa7d9, 42968, nil},
	{0xa7d9, 0xa7d9, 42968, nil},
	{0xa7f5, 0xa7f6, 42997, nil},
	{0xa7f6, 0xa7f6, 42997, nil},
	{0xab53, 0xab53, 42931, nil},
	{0xab70, 0xab70, 5024, nil},
	{0xab71, 0xab71, 5025, nil},
	{0xab72, 0xab72, 5026, nil},
	{0xab73, 0xab73, 5027, nil},
	{0xab74, 0xab74, 5028, nil},
	{0xab75, 0xab75, 5029, nil},
	{0xab76, 0xab76, 5030, nil},
	{0xab77, 0xab77, 5031, nil},
	{0xab78, 0xab78, 5032, nil},
	{0xab79, 0xab79, 5033, nil},
	{0xab7a, 0xab7a, 5034, nil},
	{0xab7b, 0xab7b, 5035, nil},
	{0xab7c, 0xab7c, 5036, nil},
	{0xab7d, 0xab7d, 5037, nil},
	{0xab7e, 0xab7e, 5038, nil},
	{0xab7f, 0xab7f, 5039, nil},
	{0xab80, 0xab80, 5040, nil},
	{0xab81, 0xab81, 5041, nil},
	{0xab82, 0xab82, 5042, nil},
	{0xab83, 0xab83, 5043, nil},
	{0xab84, 0xab84, 5044, nil},
	{0xab85, 0xab85, 5045, nil},
	{0xab86, 0xab86, 5046, nil},
	{0xab87, 0xab87, 5047, nil},
	{0xab88, 0xab88, 5048, nil},
	{0xab89, 0xab89, 5049, nil},
	{0xab8a, 0xab8a, 5050, nil},
	{0xab8b, 0xab8b, 5051, nil},
	{0xab8c, 0xab8c, 5052, nil},
	{0xab8d, 0xab8d, 5053, nil},
	{0xab8e, 0xab8e, 5054, nil},
	{0xab8f, 0xab8f, 5055, nil},
	{0xab90, 0xab90, 5056, nil},
	{0xab91, 0xab91, 5057, nil},
	{0xab92, 0xab92, 5058, nil},
	{0xab93, 0xab93, 5059, nil},
	{0xab94, 0xab94, 5060, nil},
	{0xab95, 0xab95, 5061, nil},
	{0xab96, 0xab96, 5062, nil},
	{0xab97, 0xab97, 5063, nil},
	{0xab98, 0xab98, 5064, nil},
	{0xab99, 0xab99, 5065, nil},
	{0xab9a, 0xab9a, 5066, nil},
	{0xab9b, 0xab9b, 5067, nil},
	{0xab9c, 0xab9c, 5068, nil},
	{0xab9d, 0xab9d, 5069, nil},
	{0xab9e, 0xab9e, 5070, nil},
	{0xab9f, 0xab9f, 5071, nil},
	{0xaba0, 0xaba0, 5072, nil},
	{0xaba1, 0xaba1, 5073, nil},
	{0xaba2, 0xaba2, 5074, nil},
	{0xaba3, 0xaba3, 5075, nil},
	{0xaba4, 0xaba4, 5076, nil},
	{0xaba5, 0xaba5, 5077, nil},
	{0xaba6, 0xaba6, 5078, nil},
	{0xaba7, 0xaba7, 5079, nil},
	{0xaba8, 0xaba8, 5080, nil},
	{0xaba9, 0xaba9, 5081, nil},
	{0xabaa, 0xabaa, 5082, nil},
	{0xabab, 0xabab, 5083, nil},
	{0xabac, 0xabac, 5084, nil},
	{0xabad, 0xabad, 5085, nil},
	{0xabae, 0xabae, 5086, nil},
	{0xabaf, 0xabaf, 5087, nil},
	{0xabb0, 0xabb0, 5088, nil},
	{0xabb1, 0xabb1, 5089, nil},
	{0xabb2, 0xabb2, 5090, nil},
	{0xabb3, 0xabb3, 5091, nil},
	{0xabb4, 0xabb4, 5092, nil},
	{0xabb5, 0xabb5, 5093, nil},
	{0xabb6, 0xabb6, 5094, nil},
	{0xabb7, 0xabb7, 5095, nil},
	{0xabb8, 0xabb8, 5096, nil},
	{0xabb9, 0xabb9, 5097, nil},
	{0xabba, 0xabba, 5098, nil},
	{0xabbb, 0xabbb, 5099, nil},
	{0xabbc, 0xabbc, 5100, nil},
	{0xabbd, 0xabbd, 5101, nil},
	{0xabbe, 0xabbe, 5102, nil},
	{0xabbf, 0xabbf, 5103, nil},
	{0xfb00, 0xfb00, -1, []uint16{0x46, 0x46}},
	{0xfb01, 0xfb01, -1, []uint16{0x46, 0x49}},
	{0xfb02, 0xfb02, -1, []uint16{0x46, 0x4c}},
	{0xfb03, 0xfb03, -1, []uint16{0x46, 0x46, 0x49}},
	{0xfb04, 0xfb04, -1, []uint16{0x46, 0x46, 0x4c}},
	{0xfb05, 0xfb05, -1, []uint16{0x53, 0x54}},
	{0xfb06, 0xfb06, -1, []uint16{0x53, 0x54}},
	{0xfb13, 0xfb13, -1, []uint16{0x544, 0x546}},
	{0xfb14, 0xfb14, -1, []uint16{0x544, 0x535}},
	{0xfb15, 0xfb15, -1, []uint16{0x544, 0x53b}},
	{0xfb16, 0xfb16, -1, []uint16{0x54e, 0x546}},
	{0xfb17, 0xfb17, -1, []uint16{0x544, 0x53d}},
	{0xff21, 0xff41, 65313, nil},
	{0xff22, 0xff42, 65314, nil},
	{0xff23, 0xff43, 65315, nil},
	{0xff24, 0xff44, 65316, nil},
	{0xff25, 0xff45, 65317, nil},
	{0xff26, 0xff46, 65318, nil},
	{0xff27, 0xff47, 65319, nil},
	{0xff28, 0xff48, 65320, nil},
	{0xff29, 0xff49, 65321, nil},
	{0xff2a, 0xff4a, 65322, nil},
	{0xff2b, 0xff4b, 65323, nil},
	{0xff2c, 0xff4c, 65324, nil},
	{0xff2d, 0xff4d, 65325, nil},
	{0xff2e, 0xff4e, 65326, nil},
	{0xff2f, 0xff4f, 65327, nil},
	{0xff30, 0xff50, 65328, nil},
	{0xff31, 0xff51, 65329, nil},
	{0xff32, 0xff52, 65330, nil},
	{0xff33, 0xff53, 65331, nil},
	{0xff34, 0xff54, 65332, nil},
	{0xff35, 0xff55, 65333, nil},
	{0xff36, 0xff56, 65334, nil},
	{0xff37, 0xff57, 65335, nil},
	{0xff38, 0xff58, 65336, nil},
	{0xff39, 0xff59, 65337, nil},
	{0xff3a, 0xff5a, 65338, nil},
	{0xff41, 0xff41, 65313, nil},
	{0xff42, 0xff42, 65314, nil},
	{0xff43, 0xff43, 65315, nil},
	{0xff44, 0xff44, 65316, nil},
	{0xff45, 0xff45, 65317, nil},
	{0xff46, 0xff46, 65318, nil},
	{0xff47, 0xff47, 65319, nil},
	{0xff48, 0xff48, 65320, nil},
	{0xff49, 0xff49, 65321, nil},
	{0xff4a, 0xff4a, 65322, nil},
	{0xff4b, 0xff4b, 65323, nil},
	{0xff4c, 0xff4c, 65324, nil},
	{0xff4d, 0xff4d, 65325, nil},
	{0xff4e, 0xff4e, 65326, nil},
	{0xff4f, 0xff4f, 65327, nil},
	{0xff50, 0xff50, 65328, nil},
	{0xff51, 0xff51, 65329, nil},
	{0xff52, 0xff52, 65330, nil},
	{0xff53, 0xff53, 65331, nil},
	{0xff54, 0xff54, 65332, nil},
	{0xff55, 0xff55, 65333, nil},
	{0xff56, 0xff56, 65334, nil},
	{0xff57, 0xff57, 65335, nil},
	{0xff58, 0xff58, 65336, nil},
	{0xff59, 0xff59, 65337, nil},
	{0xff5a, 0xff5a, 65338, nil},
	{0x10400, 0x10428, 66560, nil},
	{0x10401, 0x10429, 66561, nil},
	{0x10402, 0x1042a, 66562, nil},
	{0x10403, 0x1042b, 66563, nil},
	{0x10404, 0x1042c, 66564, nil},
	{0x10405, 0x1042d, 66565, nil},
	{0x10406, 0x1042e, 66566, nil},
	{0x10407, 0x1042f, 66567, nil},
	{0x10408, 0x10430, 66568, nil},
	{0x10409, 0x10431, 66569, nil},
	{0x1040a, 0x10432, 66570, nil},
	{0x1040b, 0x10433, 66571, nil},
	{0x1040c, 0x10434, 66572, nil},
	{0x1040d, 0x10435, 66573, nil},
	{0x1040e, 0x10436, 66574, nil},
	{0x1040f, 0x10437, 66575, nil},
	{0x10410, 0x10438, 66576, nil},
	{0x10411, 0x10439, 66577, nil},
	{0x10412, 0x1043a, 66578, nil},
	{0x10413, 0x1043b, 66579, nil},
	{0x10414, 0x1043c, 66580, nil},
	{0x10415, 0x1043d, 66581, nil},
	{0x10416, 0x1043e, 66582, nil},
	{0x10417, 0x1043f, 66583, nil},
	{0x10418, 0x10440, 66584, nil},
	{0x10419, 0x10441, 66585, nil},
	{0x1041a, 0x10442, 66586, nil},
	{0x1041b, 0x10443, 66587, nil},
	{0x1041c, 0x10444, 66588, nil},
	{0x1041d, 0x10445, 66589, nil},
	{0x1041e, 0x10446, 66590, nil},
	{0x1041f, 0x10447, 66591, nil},
	{0x10420, 0x10448, 66592, nil},
	{0x10421, 0x10449, 66593, nil},
	{0x10422, 0x1044a, 66594, nil},
	{0x10423, 0x1044b, 66595, nil},
	{0x10424, 0x1044c, 66596, nil},
	{0x10425, 0x1044d, 66597, nil},
	{0x10426, 0x1044e, 66598, nil},
	{0x10427, 0x1044f, 66599, nil},
	{0x10428, 0x10428, 66560, nil},
	{0x10429, 0x10429, 66561, nil},
	{0x1042a, 0x1042a, 66562, nil},
	{0x1042b, 0x1042b, 66563, nil},
	{0x1042c, 0x1042c, 66564, nil},
	{0x1042d, 0x1042d, 66565, nil},
	{0x1042e, 0x1042e, 66566, nil},
	{0x1042f, 0x1042f, 66567, nil},
	{0x10430, 0x10430, 66568, nil},
	{0x10431, 0x10431, 66569, nil},
	{0x10432, 0x10432, 66570, nil},
	{0x10433, 0x10433, 66571, nil},
	{0x10434, 0x10434, 66572, nil},
	{0x10435, 0x10435, 66573, nil},
	{0x10436, 0x10436, 66574, nil},
	{0x10437, 0x10437, 66575, nil},
	{0x10438, 0x10438, 66576, nil},
	{0x10439, 0x10439, 66577, nil},
	{0x1043a, 0x1043a, 66578, nil},
	{0x1043b, 0x1043b, 66579, nil},
	{0x1043c, 0x1043c, 66580, nil},
	{0x1043d, 0x1043d, 66581, nil},
	{0x1043e, 0x1043e, 66582, nil},
	{0x1043f, 0x1043f, 66583, nil},
	{0x10440, 0x10440, 66584, nil},
	{0x10441, 0x10441, 66585, nil},
	{0x10442, 0x10442, 66586, nil},
	{0x10443, 0x10443, 66587, nil},
	{0x10444, 0x10444, 66588, nil},
	{0x10445, 0x10445, 66589, nil},
	{0x10446, 0x10446, 66590, nil},
	{0x10447, 0x10447, 66591, nil},
	{0x10448, 0x10448, 66592, nil},
	{0x10449, 0x10449, 66593, nil},
	{0x1044a, 0x1044a, 66594, nil},
	{0x1044b, 0x1044b, 66595, nil},
	{0x1044c, 0x1044c, 66596, nil},
	{0x1044d, 0x1044d, 66597, nil},
	{0x1044e, 0x1044e, 66598, nil},
	{0x1044f, 0x1044f, 66599, nil},
	{0x104b0, 0x104d8, 66736, nil},
	{0x104b1, 0x104d9, 66737, nil},
	{0x104b2, 0x104da, 66738, nil},
	{0x104b3, 0x104db, 66739, nil},
	{0x104b4, 0x104dc, 66740, nil},
	{0x104b5, 0x104dd, 66741, nil},
	{0x104b6, 0x104de, 66742, nil},
	{0x104b7, 0x104df, 66743, nil},
	{0x104b8, 0x104e0, 66744, nil},
	{0x104b9, 0x104e1, 66745, nil},
	{0x104ba, 0x104e2, 66746, nil},
	{0x104bb, 0x104e3, 66747, nil},
	{0x104bc, 0x104e4, 66748, nil},
	{0x104bd, 0x104e5, 66749, nil},
	{0x104be, 0x104e6, 66750, nil},
	{0x104bf, 0x104e7, 66751, nil},
	{0x104c0, 0x104e8, 66752, nil},
	{0x104c1, 0x104e9, 66753, nil},
	{0x104c2, 0x104ea, 66754, nil},
	{0x104c3, 0x104eb, 66755, nil},
	{0x104c4, 0x104ec, 66756, nil},
	{0x104c5, 0x104ed, 66757, nil},
	{0x104c6, 0x104ee, 66758, nil},
	{0x104c7, 0x104ef, 66759, nil},
	{0x104c8, 0x104f0, 66760, nil},
	{0x104c9, 0x104f1, 66761, nil},
	{0x104ca, 0x104f2, 66762, nil},
	{0x104cb, 0x104f3, 66763, nil},
	{0x104cc, 0x104f4, 66764, nil},
	{0x104cd, 0x104f5, 66765, nil},
	{0x104ce, 0x104f6, 66766, nil},
	{0x104cf, 0x104f7, 66767, nil},
	{0x104d0, 0x104f8, 66768, nil},
	{0x104d1, 0x104f9, 66769, nil},
	{0x104d2, 0x104fa, 66770, nil},
	{0x104d3, 0x104fb, 66771, nil},
	{0x104d8, 0x104d8, 66736, nil},
	{0x104d9, 0x104d9, 66737, nil},
	{0x104da, 0x104da, 66738, nil},
	{0x104db, 0x104db, 66739, nil},
	{0x104dc, 0x104dc, 66740, nil},
	{0x104dd, 0x104dd, 66741, nil},
	{0x104de, 0x104de, 66742, nil},
	{0x104df, 0x104df, 66743, nil},
	{0x104e0, 0x104e0, 66744, nil},
	{0x104e1, 0x104e1, 66745, nil},
	{0x104e2, 0x104e2, 66746, nil},
	{0x104e3, 0x104e3, 66747, nil},
	{0x104e4, 0x104e4, 66748, nil},
	{0x104e5, 0x104e5, 66749, nil},
	{0x104e6, 0x104e6, 66750, nil},
	{0x104e7, 0x104e7, 66751, nil},
	{0x104e8, 0x104e8, 66752, nil},
	{0x104e9, 0x104e9, 66753, nil},
	{0x104ea, 0x104ea, 66754, nil},
	{0x104eb, 0x104eb, 66755, nil},
	{0x104ec, 0x104ec, 66756, nil},
	{0x104ed, 0x104ed, 66757, nil},
	{0x104ee, 0x104ee, 66758, nil},
	{0x104ef, 0x104ef, 66759, nil},
	{0x104f0, 0x104f0, 66760, nil},
	{0x104f1, 0x104f1, 66761, nil},
	{0x104f2, 0x104f2, 66762, nil},
	{0x104f3, 0x104f3, 66763, nil},
	{0x104f4, 0x104f4, 66764, nil},
	{0x104f5, 0x104f5, 66765, nil},
	{0x104f6, 0x104f6, 66766, nil},
	{0x104f7, 0x104f7, 66767, nil},
	{0x104f8, 0x104f8, 66768, nil},
	{0x104f9, 0x104f9, 66769, nil},
	{0x104fa, 0x104fa, 66770, nil},
	{0x104fb, 0x104fb, 66771, nil},
	{0x10570, 0x10597, 66928, nil},
	{0x10571, 0x10598, 66929, nil},
	{0x10572, 0x10599, 66930, nil},
	{0x10573, 0x1059a, 66931, nil},
	{0x10574, 0x1059b, 66932, nil},
	{0x10575, 0x1059c, 66933, nil},
	{0x10576, 0x1059d, 66934, nil},
	{0x10577, 0x1059e, 66935, nil},
	{0x10578, 0x1059f, 66936, nil},
	{0x10579, 0x105a0, 66937, nil},
	{0x1057a, 0x105a1, 66938, nil},
	{0x1057c, 0x105a3, 66940, nil},
	{0x1057d, 0x105a4, 66941, nil},
	{0x1057e, 0x105a5, 66942, nil},
	{0x1057f, 0x105a6, 66943, nil},
	{0x10580, 0x105a7, 66944, nil},
	{0x10581, 0x105a8, 66945, nil},
	{0x10582, 0x105a9, 66946, nil},
	{0x10583, 0x105aa, 66947, nil},
	{0x10584, 0x105ab, 66948, nil},
	{0x10585, 0x105ac, 66949, nil},
	{0x10586, 0x105ad, 66950, nil},
	{0x10587, 0x105ae, 66951, nil},
	{0x10588, 0x105af, 66952, nil},
	{0x10589, 0x105b0, 66953, nil},
	{0x1058a, 0x105b1, 66954, nil},
	{0x1058c, 0x105b3, 66956, nil},
	{0x1058d, 0x105b4, 66957, nil},
	{0x1058e, 0x105b5, 66958, nil},
	{0x1058f, 0x105b6, 66959, nil},
	{0x10590, 0x105b7, 66960, nil},
	{0x10591, 0x105b8, 66961, nil},
	{0x10592, 0x105b9, 66962, nil},
	{0x10594, 0x105bb, 66964, nil},
	{0x10595, 0x105bc, 66965, nil},
	{0x10597, 0x10597, 66928, nil},
	{0x10598, 0x10598, 66929, nil},
	{0x10599, 0x10599, 66930, nil},
	{0x1059a, 0x1059a, 66931, nil},
	{0x1059b, 0x1059b, 66932, nil},
	{0x1059c, 0x1059c, 66933, nil},
	{0x1059d, 0x1059d, 66934, nil},
	{0x1059e, 0x1059e, 66935, nil},
	{0x1059f, 0x1059f, 66936, nil},
	{0x105a0, 0x105a0, 66937, nil},
	{0x105a1, 0x105a1, 66938, nil},
	{0x105a3, 0x105a3, 66940, nil},
	{0x105a4, 0x105a4, 66941, nil},
	{0x105a5, 0x105a5, 66942, nil},
	{0x105a6, 0x105a6, 66943, nil},
	{0x105a7, 0x105a7, 66944, nil},
	{0x105a8, 0x105a8, 66945, nil},
	{0x105a9, 0x105a9, 66946, nil},
	{0x105aa, 0x105aa, 66947, nil},
	{0x105ab, 0x105ab, 66948, nil},
	{0x105ac, 0x105ac, 66949, nil},
	{0x105ad, 0x105ad, 66950, nil},
	{0x105ae, 0x105ae, 66951, nil},
	{0x105af, 0x105af, 66952, nil},
	{0x105b0, 0x105b0, 66953, nil},
	{0x105b1, 0x105b1, 66954, nil},
	{0x105b3, 0x105b3, 66956, nil},
	{0x105b4, 0x105b4, 66957, nil},
	{0x105b5, 0x105b5, 66958, nil},
	{0x105b6, 0x105b6, 66959, nil},
	{0x105b7, 0x105b7, 66960, nil},
	{0x105b8, 0x105b8, 66961, nil},
	{0x105b9, 0x105b9, 66962, nil},
	{0x105bb, 0x105bb, 66964, nil},
	{0x105bc, 0x105bc, 66965, nil},
	{0x10c80, 0x10cc0, 68736, nil},
	{0x10c81, 0x10cc1, 68737, nil},
	{0x10c82, 0x10cc2, 68738, nil},
	{0x10c83, 0x10cc3, 68739, nil},
	{0x10c84, 0x10cc4, 68740, nil},
	{0x10c85, 0x10cc5, 68741, nil},
	{0x10c86, 0x10cc6, 68742, nil},
	{0x10c87, 0x10cc7, 68743, nil},
	{0x10c88, 0x10cc8, 68744, nil},
	{0x10c89, 0x10cc9, 68745, nil},
	{0x10c8a, 0x10cca, 68746, nil},
	{0x10c8b, 0x10ccb, 68747, nil},
	{0x10c8c, 0x10ccc, 68748, nil},
	{0x10c8d, 0x10ccd, 68749, nil},
	{0x10c8e, 0x10cce, 68750, nil},
	{0x10c8f, 0x10ccf, 68751, nil},
	{0x10c90, 0x10cd0, 68752, nil},
	{0x10c91, 0x10cd1, 68753, nil},
	{0x10c92, 0x10cd2, 68754, nil},
	{0x10c93, 0x10cd3, 68755, nil},
	{0x10c94, 0x10cd4, 68756, nil},
	{0x10c95, 0x10cd5, 68757, nil},
	{0x10c96, 0x10cd6, 68758, nil},
	{0x10c97, 0x10cd7, 68759, nil},
	{0x10c98, 0x10cd8, 68760, nil},
	{0x10c99, 0x10cd9, 68761, nil},
	{0x10c9a, 0x10cda, 68762, nil},
	{0x10c9b, 0x10cdb, 68763, nil},
	{0x10c9c, 0x10cdc, 68764, nil},
	{0x10c9d, 0x10cdd, 68765, nil},
	{0x10c9e, 0x10cde, 68766, nil},
	{0x10c9f, 0x10cdf, 68767, nil},
	{0x10ca0, 0x10ce0, 68768, nil},
	{0x10ca1, 0x10ce1, 68769, nil},
	{0x10ca2, 0x10ce2, 68770, nil},
	{0x10ca3, 0x10ce3, 68771, nil},
	{0x10ca4, 0x10ce4, 68772, nil},
	{0x10ca5, 0x10ce5, 68773, nil},
	{0x10ca6, 0x10ce6, 68774, nil},
	{0x10ca7, 0x10ce7, 68775, nil},
	{0x10ca8, 0x10ce8, 68776, nil},
	{0x10ca9, 0x10ce9, 68777, nil},
	{0x10caa, 0x10cea, 68778, nil},
	{0x10cab, 0x10ceb, 68779, nil},
	{0x10cac, 0x10cec, 68780, nil},
	{0x10cad, 0x10ced, 68781, nil},
	{0x10cae, 0x10cee, 68782, nil},
	{0x10caf, 0x10cef, 68783, nil},
	{0x10cb0, 0x10cf0, 68784, nil},
	{0x10cb1, 0x10cf1, 68785, nil},
	{0x10cb2, 0x10cf2, 68786, nil},
	{0x10cc0, 0x10cc0, 68736, nil},
	{0x10cc1, 0x10cc1, 68737, nil},
	{0x10cc2, 0x10cc2, 68738, nil},
	{0x10cc3, 0x10cc3, 68739, nil},
	{0x10cc4, 0x10cc4, 68740, nil},
	{0x10cc5, 0x10cc5, 68741, nil},
	{0x10cc6, 0x10cc6, 68742, nil},
	{0x10cc7, 0x10cc7, 68743, nil},
	{0x10cc8, 0x10cc8, 68744, nil},
	{0x10cc9, 0x10cc9, 68745, nil},
	{0x10cca, 0x10cca, 68746, nil},
	{0x10ccb, 0x10ccb, 68747, nil},
	{0x10ccc, 0x10ccc, 68748, nil},
	{0x10ccd, 0x10ccd, 68749, nil},
	{0x10cce, 0x10cce, 68750, nil},
	{0x10ccf, 0x10ccf, 68751, nil},
	{0x10cd0, 0x10cd0, 68752, nil},
	{0x10cd1, 0x10cd1, 68753, nil},
	{0x10cd2, 0x10cd2, 68754, nil},
	{0x10cd3, 0x10cd3, 68755, nil},
	{0x10cd4, 0x10cd4, 68756, nil},
	{0x10cd5, 0x10cd5, 68757, nil},
	{0x10cd6, 0x10cd6, 68758, nil},
	{0x10cd7, 0x10cd7, 68759, nil},
	{0x10cd8, 0x10cd8, 68760, nil},
	{0x10cd9, 0x10cd9, 68761, nil},
	{0x10cda, 0x10cda, 68762, nil},
	{0x10cdb, 0x10cdb, 68763, nil},
	{0x10cdc, 0x10cdc, 68764, nil},
	{0x10cdd, 0x10cdd, 68765, nil},
	{0x10cde, 0x10cde, 68766, nil},
	{0x10cdf, 0x10cdf, 68767, nil},
	{0x10ce0, 0x10ce0, 68768, nil},
	{0x10ce1, 0x10ce1, 68769, nil},
	{0x10ce2, 0x10ce2, 68770, nil},
	{0x10ce3, 0x10ce3, 68771, nil},
	{0x10ce4, 0x10ce4, 68772, nil},
	{0x10ce5, 0x10ce5, 68773, nil},
	{0x10ce6, 0x10ce6, 68774, nil},
	{0x10ce7, 0x10ce7, 68775, nil},
	{0x10ce8, 0x10ce8, 68776, nil},
	{0x10ce9, 0x10ce9, 68777, nil},
	{0x10cea, 0x10cea, 68778, nil},
	{0x10ceb, 0x10ceb, 68779, nil},
	{0x10cec, 0x10cec, 68780, nil},
	{0x10ced, 0x10ced, 68781, nil},
	{0x10cee, 0x10cee, 68782, nil},
	{0x10cef, 0x10cef, 68783, nil},
	{0x10cf0, 0x10cf0, 68784, nil},
	{0x10cf1, 0x10cf1, 68785, nil},
	{0x10cf2, 0x10cf2, 68786, nil},
	{0x118a0, 0x118c0, 71840, nil},
	{0x118a1, 0x118c1, 71841, nil},
	{0x118a2, 0x118c2, 71842, nil},
	{0x118a3, 0x118c3, 71843, nil},
	{0x118a4, 0x118c4, 71844, nil},
	{0x118a5, 0x118c5, 71845, nil},
	{0x118a6, 0x118c6, 71846, nil},
	{0x118a7, 0x118c7, 71847, nil},
	{0x118a8, 0x118c8, 71848, nil},
	{0x118a9, 0x118c9, 71849, nil},
	{0x118aa, 0x118ca, 71850, nil},
	{0x118ab, 0x118cb, 71851, nil},
	{0x118ac, 0x118cc, 71852, nil},
	{0x118ad, 0x118cd, 71853, nil},
	{0x118ae, 0x118ce, 71854, nil},
	{0x118af, 0x118cf, 71855, nil},
	{0x118b0, 0x118d0, 71856, nil},
	{0x118b1, 0x118d1, 71857, nil},
	{0x118b2, 0x118d2, 71858, nil},
	{0x118b3, 0x118d3, 71859, nil},
	{0x118b4, 0x118d4, 71860, nil},
	{0x118b5, 0x118d5, 71861, nil},
	{0x118b6, 0x118d6, 71862, nil},
	{0x118b7, 0x118d7, 71863, nil},
	{0x118b8, 0x118d8, 71864, nil},
	{0x118b9, 0x118d9, 71865, nil},
	{0x118ba, 0x118da, 71866, nil},
	{0x118bb, 0x118db, 71867, nil},
	{0x118bc, 0x118dc, 71868, nil},
	{0x118bd, 0x118dd, 71869, nil},
	{0x118be, 0x118de, 71870, nil},
	{0x118bf, 0x118df, 71871, nil},
	{0x118c0, 0x118c0, 71840, nil},
	{0x118c1, 0x118c1, 71841, nil},
	{0x118c2, 0x118c2, 71842, nil},
	{0x118c3, 0x118c3, 71843, nil},
	{0x118c4, 0x118c4, 71844, nil},
	{0x118c5, 0x118c5, 71845, nil},
	{0x118c6, 0x118c6, 71846, nil},
	{0x118c7, 0x118c7, 71847, nil},
	{0x118c8, 0x118c8, 71848, nil},
	{0x118c9, 0x118c9, 71849, nil},
	{0x118ca, 0x118ca, 71850, nil},
	{0x118cb, 0x118cb, 71851, nil},
	{0x118cc, 0x118cc, 71852, nil},
	{0x118cd, 0x118cd, 71853, nil},
	{0x118ce, 0x118ce, 71854, nil},
	{0x118cf, 0x118cf, 71855, nil},
	{0x118d0, 0x118d0, 71856, nil},
	{0x118d1, 0x118d1, 71857, nil},
	{0x118d2, 0x118d2, 71858, nil},
	{0x118d3, 0x118d3, 71859, nil},
	{0x118d4, 0x118d4, 71860, nil},
	{0x118d5, 0x118d5, 71861, nil},
	{0x118d6, 0x118d6, 71862, nil},
	{0x118d7, 0x118d7, 71863, nil},
	{0x118d8, 0x118d8, 71864, nil},
	{0x118d9, 0x118d9, 71865, nil},
	{0x118da, 0x118da, 71866, nil},
	{0x118db, 0x118db, 71867, nil},
	{0x118dc, 0x118dc, 71868, nil},
	{0x118dd, 0x118dd, 71869, nil},
	{0x118de, 0x118de, 71870, nil},
	{0x118df, 0x118df, 71871, nil},
	{0x16e40, 0x16e60, 93760, nil},
	{0x16e41, 0x16e61, 93761, nil},
	{0x16e42, 0x16e62, 93762, nil},
	{0x16e43, 0x16e63, 93763, nil},
	{0x16e44, 0x16e64, 93764, nil},
	{0x16e45, 0x16e65, 93765, nil},
	{0x16e46, 0x16e66, 93766, nil},
	{0x16e47, 0x16e67, 93767, nil},
	{0x16e48, 0x16e68, 93768, nil},
	{0x16e49, 0x16e69, 93769, nil},
	{0x16e4a, 0x16e6a, 93770, nil},
	{0x16e4b, 0x16e6b, 93771, nil},
	{0x16e4c, 0x16e6c, 93772, nil},
	{0x16e4d, 0x16e6d, 93773, nil},
	{0x16e4e, 0x16e6e, 93774, nil},
	{0x16e4f, 0x16e6f, 93775, nil},
	{0x16e50, 0x16e70, 93776, nil},
	{0x16e51, 0x16e71, 93777, nil},
	{0x16e52, 0x16e72, 93778, nil},
	{0x16e53, 0x16e73, 93779, nil},
	{0x16e54, 0x16e74, 93780, nil},
	{0x16e55, 0x16e75, 93781, nil},
	{0x16e56, 0x16e76, 93782, nil},
	{0x16e57, 0x16e77, 93783, nil},
	{0x16e58, 0x16e78, 93784, nil},
	{0x16e59, 0x16e79, 93785, nil},
	{0x16e5a, 0x16e7a, 93786, nil},
	{0x16e5b, 0x16e7b, 93787, nil},
	{0x16e5c, 0x16e7c, 93788, nil},
	{0x16e5d, 0x16e7d, 93789, nil},
	{0x16e5e, 0x16e7e, 93790, nil},
	{0x16e5f, 0x16e7f, 93791, nil},
	{0x16e60, 0x16e60, 93760, nil},
	{0x16e61, 0x16e61, 93761, nil},
	{0x16e62, 0x16e62, 93762, nil},
	{0x16e63, 0x16e63, 93763, nil},
	{0x16e64, 0x16e64, 93764, nil},
	{0x16e65, 0x16e65, 93765, nil},
	{0x16e66, 0x16e66, 93766, nil},
	{0x16e67, 0x16e67, 93767, nil},
	{0x16e68, 0x16e68, 93768, nil},
	{0x16e69, 0x16e69, 93769, nil},
	{0x16e6a, 0x16e6a, 93770, nil},
	{0x16e6b, 0x16e6b, 93771, nil},
	{0x16e6c, 0x16e6c, 93772, nil},
	{0x16e6d, 0x16e6d, 93773, nil},
	{0x16e6e, 0x16e6e, 93774, nil},
	{0x16e6f, 0x16e6f, 93775, nil},
	{0x16e70, 0x16e70, 93776, nil},
	{0x16e71, 0x16e71, 93777, nil},
	{0x16e72, 0x16e72, 93778, nil},
	{0x16e73, 0x16e73, 93779, nil},
	{0x16e74, 0x16e74, 93780, nil},
	{0x16e75, 0x16e75, 93781, nil},
	{0x16e76, 0x16e76, 93782, nil},
	{0x16e77, 0x16e77, 93783, nil},
	{0x16e78, 0x16e78, 93784, nil},
	{0x16e79, 0x16e79, 93785, nil},
	{0x16e7a, 0x16e7a, 93786, nil},
	{0x16e7b, 0x16e7b, 93787, nil},
	{0x16e7c, 0x16e7c, 93788, nil},
	{0x16e7d, 0x16e7d, 93789, nil},
	{0x16e7e, 0x16e7e, 93790, nil},
	{0x16e7f, 0x16e7f, 93791, nil},
	{0x1e900, 0x1e922, 125184, nil},
	{0x1e901, 0x1e923, 125185, nil},
	{0x1e902, 0x1e924, 125186, nil},
	{0x1e903, 0x1e925, 125187, nil},
	{0x1e904, 0x1e926, 125188, nil},
	{0x1e905, 0x1e927, 125189, nil},
	{0x1e906, 0x1e928, 125190, nil},
	{0x1e907, 0x1e929, 125191, nil},
	{0x1e908, 0x1e92a, 125192, nil},
	{0x1e909, 0x1e92b, 125193, nil},
	{0x1e90a, 0x1e92c, 125194, nil},
	{0x1e90b, 0x1e92d, 125195, nil},
	{0x1e90c, 0x1e92e, 125196, nil},
	{0x1e90d, 0x1e92f, 125197, nil},
	{0x1e90e, 0x1e930, 125198, nil},
	{0x1e90f, 0x1e931, 125199, nil},
	{0x1e910, 0x1e932, 125200, nil},
	{0x1e911, 0x1e933, 125201, nil},
	{0x1e912, 0x1e934, 125202, nil},
	{0x1e913, 0x1e935, 125203, nil},
	{0x1e914, 0x1e936, 125204, nil},
	{0x1e915, 0x1e937, 125205, nil},
	{0x1e916, 0x1e938, 125206, nil},
	{0x1e917, 0x1e939, 125207, nil},
	{0x1e918, 0x1e93a, 125208, nil},
	{0x1e919, 0x1e93b, 125209, nil},
	{0x1e91a, 0x1e93c, 125210, nil},
	{0x1e91b, 0x1e93d, 125211, nil},
	{0x1e91c, 0x1e93e, 125212, nil},
	{0x1e91d, 0x1e93f, 125213, nil},
	{0x1e91e, 0x1e940, 125214, nil},
	{0x1e91f, 0x1e941, 125215, nil},
	{0x1e920, 0x1e942, 125216, nil},
	{0x1e921, 0x1e943, 125217, nil},
	{0x1e922, 0x1e922, 125184, nil},
	{0x1e923, 0x1e923, 125185, nil},
	{0x1e924, 0x1e924, 125186, nil},
	{0x1e925, 0x1e925, 125187, nil},
	{0x1e926, 0x1e926, 125188, nil},
	{0x1e927, 0x1e927, 125189, nil},
	{0x1e928, 0x1e928, 125190, nil},
	{0x1e929, 0x1e929, 125191, nil},
	{0x1e92a, 0x1e92a, 125192, nil},
	{0x1e92b, 0x1e92b, 125193, nil},
	{0x1e92c, 0x1e92c, 125194, nil},
	{0x1e92d, 0x1e92d, 125195, nil},
	{0x1e92e, 0x1e92e, 125196, nil},
	{0x1e92f, 0x1e92f, 125197, nil},
	{0x1e930, 0x1e930, 125198, nil},
	{0x1e931, 0x1e931, 125199, nil},
	{0x1e932, 0x1e932, 125200, nil},
	{0x1e933, 0x1e933, 125201, nil},
	{0x1e934, 0x1e934, 125202, nil},
	{0x1e935, 0x1e935, 125203, nil},
	{0x1e936, 0x1e936, 125204, nil},
	{0x1e937, 0x1e937, 125205, nil},
	{0x1e938, 0x1e938, 125206, nil},
	{0x1e939, 0x1e939, 125207, nil},
	{0x1e93a, 0x1e93a, 125208, nil},
	{0x1e93b, 0x1e93b, 125209, nil},
	{0x1e93c, 0x1e93c, 125210, nil},
	{0x1e93d, 0x1e93d, 125211, nil},
	{0x1e93e, 0x1e93e, 125212, nil},
	{0x1e93f, 0x1e93f, 125213, nil},
	{0x1e940, 0x1e940, 125214, nil},
	{0x1e941, 0x1e941, 125215, nil},
	{0x1e942, 0x1e942, 125216, nil},
	{0x1e943, 0x1e943, 125217, nil},
}
var javaCase15CombiningClasses = [...]javaCase15CCC{
	{0x300, 230},
	{0x301, 230},
	{0x302, 230},
	{0x303, 230},
	{0x304, 230},
	{0x305, 230},
	{0x306, 230},
	{0x307, 230},
	{0x308, 230},
	{0x309, 230},
	{0x30a, 230},
	{0x30b, 230},
	{0x30c, 230},
	{0x30d, 230},
	{0x30e, 230},
	{0x30f, 230},
	{0x310, 230},
	{0x311, 230},
	{0x312, 230},
	{0x313, 230},
	{0x314, 230},
	{0x315, 232},
	{0x316, 220},
	{0x317, 220},
	{0x318, 220},
	{0x319, 220},
	{0x31a, 232},
	{0x31b, 216},
	{0x31c, 220},
	{0x31d, 220},
	{0x31e, 220},
	{0x31f, 220},
	{0x320, 220},
	{0x321, 202},
	{0x322, 202},
	{0x323, 220},
	{0x324, 220},
	{0x325, 220},
	{0x326, 220},
	{0x327, 202},
	{0x328, 202},
	{0x329, 220},
	{0x32a, 220},
	{0x32b, 220},
	{0x32c, 220},
	{0x32d, 220},
	{0x32e, 220},
	{0x32f, 220},
	{0x330, 220},
	{0x331, 220},
	{0x332, 220},
	{0x333, 220},
	{0x334, 1},
	{0x335, 1},
	{0x336, 1},
	{0x337, 1},
	{0x338, 1},
	{0x339, 220},
	{0x33a, 220},
	{0x33b, 220},
	{0x33c, 220},
	{0x33d, 230},
	{0x33e, 230},
	{0x33f, 230},
	{0x340, 230},
	{0x341, 230},
	{0x342, 230},
	{0x343, 230},
	{0x344, 230},
	{0x345, 240},
	{0x346, 230},
	{0x347, 220},
	{0x348, 220},
	{0x349, 220},
	{0x34a, 230},
	{0x34b, 230},
	{0x34c, 230},
	{0x34d, 220},
	{0x34e, 220},
	{0x350, 230},
	{0x351, 230},
	{0x352, 230},
	{0x353, 220},
	{0x354, 220},
	{0x355, 220},
	{0x356, 220},
	{0x357, 230},
	{0x358, 232},
	{0x359, 220},
	{0x35a, 220},
	{0x35b, 230},
	{0x35c, 233},
	{0x35d, 234},
	{0x35e, 234},
	{0x35f, 233},
	{0x360, 234},
	{0x361, 234},
	{0x362, 233},
	{0x363, 230},
	{0x364, 230},
	{0x365, 230},
	{0x366, 230},
	{0x367, 230},
	{0x368, 230},
	{0x369, 230},
	{0x36a, 230},
	{0x36b, 230},
	{0x36c, 230},
	{0x36d, 230},
	{0x36e, 230},
	{0x36f, 230},
	{0x483, 230},
	{0x484, 230},
	{0x485, 230},
	{0x486, 230},
	{0x487, 230},
	{0x591, 220},
	{0x592, 230},
	{0x593, 230},
	{0x594, 230},
	{0x595, 230},
	{0x596, 220},
	{0x597, 230},
	{0x598, 230},
	{0x599, 230},
	{0x59a, 222},
	{0x59b, 220},
	{0x59c, 230},
	{0x59d, 230},
	{0x59e, 230},
	{0x59f, 230},
	{0x5a0, 230},
	{0x5a1, 230},
	{0x5a2, 220},
	{0x5a3, 220},
	{0x5a4, 220},
	{0x5a5, 220},
	{0x5a6, 220},
	{0x5a7, 220},
	{0x5a8, 230},
	{0x5a9, 230},
	{0x5aa, 220},
	{0x5ab, 230},
	{0x5ac, 230},
	{0x5ad, 222},
	{0x5ae, 228},
	{0x5af, 230},
	{0x5b0, 10},
	{0x5b1, 11},
	{0x5b2, 12},
	{0x5b3, 13},
	{0x5b4, 14},
	{0x5b5, 15},
	{0x5b6, 16},
	{0x5b7, 17},
	{0x5b8, 18},
	{0x5b9, 19},
	{0x5ba, 19},
	{0x5bb, 20},
	{0x5bc, 21},
	{0x5bd, 22},
	{0x5bf, 23},
	{0x5c1, 24},
	{0x5c2, 25},
	{0x5c4, 230},
	{0x5c5, 220},
	{0x5c7, 18},
	{0x610, 230},
	{0x611, 230},
	{0x612, 230},
	{0x613, 230},
	{0x614, 230},
	{0x615, 230},
	{0x616, 230},
	{0x617, 230},
	{0x618, 30},
	{0x619, 31},
	{0x61a, 32},
	{0x64b, 27},
	{0x64c, 28},
	{0x64d, 29},
	{0x64e, 30},
	{0x64f, 31},
	{0x650, 32},
	{0x651, 33},
	{0x652, 34},
	{0x653, 230},
	{0x654, 230},
	{0x655, 220},
	{0x656, 220},
	{0x657, 230},
	{0x658, 230},
	{0x659, 230},
	{0x65a, 230},
	{0x65b, 230},
	{0x65c, 220},
	{0x65d, 230},
	{0x65e, 230},
	{0x65f, 220},
	{0x670, 35},
	{0x6d6, 230},
	{0x6d7, 230},
	{0x6d8, 230},
	{0x6d9, 230},
	{0x6da, 230},
	{0x6db, 230},
	{0x6dc, 230},
	{0x6df, 230},
	{0x6e0, 230},
	{0x6e1, 230},
	{0x6e2, 230},
	{0x6e3, 220},
	{0x6e4, 230},
	{0x6e7, 230},
	{0x6e8, 230},
	{0x6ea, 220},
	{0x6eb, 230},
	{0x6ec, 230},
	{0x6ed, 220},
	{0x711, 36},
	{0x730, 230},
	{0x731, 220},
	{0x732, 230},
	{0x733, 230},
	{0x734, 220},
	{0x735, 230},
	{0x736, 230},
	{0x737, 220},
	{0x738, 220},
	{0x739, 220},
	{0x73a, 230},
	{0x73b, 220},
	{0x73c, 220},
	{0x73d, 230},
	{0x73e, 220},
	{0x73f, 230},
	{0x740, 230},
	{0x741, 230},
	{0x742, 220},
	{0x743, 230},
	{0x744, 220},
	{0x745, 230},
	{0x746, 220},
	{0x747, 230},
	{0x748, 220},
	{0x749, 230},
	{0x74a, 230},
	{0x7eb, 230},
	{0x7ec, 230},
	{0x7ed, 230},
	{0x7ee, 230},
	{0x7ef, 230},
	{0x7f0, 230},
	{0x7f1, 230},
	{0x7f2, 220},
	{0x7f3, 230},
	{0x7fd, 220},
	{0x816, 230},
	{0x817, 230},
	{0x818, 230},
	{0x819, 230},
	{0x81b, 230},
	{0x81c, 230},
	{0x81d, 230},
	{0x81e, 230},
	{0x81f, 230},
	{0x820, 230},
	{0x821, 230},
	{0x822, 230},
	{0x823, 230},
	{0x825, 230},
	{0x826, 230},
	{0x827, 230},
	{0x829, 230},
	{0x82a, 230},
	{0x82b, 230},
	{0x82c, 230},
	{0x82d, 230},
	{0x859, 220},
	{0x85a, 220},
	{0x85b, 220},
	{0x898, 230},
	{0x899, 220},
	{0x89a, 220},
	{0x89b, 220},
	{0x89c, 230},
	{0x89d, 230},
	{0x89e, 230},
	{0x89f, 230},
	{0x8ca, 230},
	{0x8cb, 230},
	{0x8cc, 230},
	{0x8cd, 230},
	{0x8ce, 230},
	{0x8cf, 220},
	{0x8d0, 220},
	{0x8d1, 220},
	{0x8d2, 220},
	{0x8d3, 220},
	{0x8d4, 230},
	{0x8d5, 230},
	{0x8d6, 230},
	{0x8d7, 230},
	{0x8d8, 230},
	{0x8d9, 230},
	{0x8da, 230},
	{0x8db, 230},
	{0x8dc, 230},
	{0x8dd, 230},
	{0x8de, 230},
	{0x8df, 230},
	{0x8e0, 230},
	{0x8e1, 230},
	{0x8e3, 220},
	{0x8e4, 230},
	{0x8e5, 230},
	{0x8e6, 220},
	{0x8e7, 230},
	{0x8e8, 230},
	{0x8e9, 220},
	{0x8ea, 230},
	{0x8eb, 230},
	{0x8ec, 230},
	{0x8ed, 220},
	{0x8ee, 220},
	{0x8ef, 220},
	{0x8f0, 27},
	{0x8f1, 28},
	{0x8f2, 29},
	{0x8f3, 230},
	{0x8f4, 230},
	{0x8f5, 230},
	{0x8f6, 220},
	{0x8f7, 230},
	{0x8f8, 230},
	{0x8f9, 220},
	{0x8fa, 220},
	{0x8fb, 230},
	{0x8fc, 230},
	{0x8fd, 230},
	{0x8fe, 230},
	{0x8ff, 230},
	{0x93c, 7},
	{0x94d, 9},
	{0x951, 230},
	{0x952, 220},
	{0x953, 230},
	{0x954, 230},
	{0x9bc, 7},
	{0x9cd, 9},
	{0x9fe, 230},
	{0xa3c, 7},
	{0xa4d, 9},
	{0xabc, 7},
	{0xacd, 9},
	{0xb3c, 7},
	{0xb4d, 9},
	{0xbcd, 9},
	{0xc3c, 7},
	{0xc4d, 9},
	{0xc55, 84},
	{0xc56, 91},
	{0xcbc, 7},
	{0xccd, 9},
	{0xd3b, 9},
	{0xd3c, 9},
	{0xd4d, 9},
	{0xdca, 9},
	{0xe38, 103},
	{0xe39, 103},
	{0xe3a, 9},
	{0xe48, 107},
	{0xe49, 107},
	{0xe4a, 107},
	{0xe4b, 107},
	{0xeb8, 118},
	{0xeb9, 118},
	{0xeba, 9},
	{0xec8, 122},
	{0xec9, 122},
	{0xeca, 122},
	{0xecb, 122},
	{0xf18, 220},
	{0xf19, 220},
	{0xf35, 220},
	{0xf37, 220},
	{0xf39, 216},
	{0xf71, 129},
	{0xf72, 130},
	{0xf74, 132},
	{0xf7a, 130},
	{0xf7b, 130},
	{0xf7c, 130},
	{0xf7d, 130},
	{0xf80, 130},
	{0xf82, 230},
	{0xf83, 230},
	{0xf84, 9},
	{0xf86, 230},
	{0xf87, 230},
	{0xfc6, 220},
	{0x1037, 7},
	{0x1039, 9},
	{0x103a, 9},
	{0x108d, 220},
	{0x135d, 230},
	{0x135e, 230},
	{0x135f, 230},
	{0x1714, 9},
	{0x1715, 9},
	{0x1734, 9},
	{0x17d2, 9},
	{0x17dd, 230},
	{0x18a9, 228},
	{0x1939, 222},
	{0x193a, 230},
	{0x193b, 220},
	{0x1a17, 230},
	{0x1a18, 220},
	{0x1a60, 9},
	{0x1a75, 230},
	{0x1a76, 230},
	{0x1a77, 230},
	{0x1a78, 230},
	{0x1a79, 230},
	{0x1a7a, 230},
	{0x1a7b, 230},
	{0x1a7c, 230},
	{0x1a7f, 220},
	{0x1ab0, 230},
	{0x1ab1, 230},
	{0x1ab2, 230},
	{0x1ab3, 230},
	{0x1ab4, 230},
	{0x1ab5, 220},
	{0x1ab6, 220},
	{0x1ab7, 220},
	{0x1ab8, 220},
	{0x1ab9, 220},
	{0x1aba, 220},
	{0x1abb, 230},
	{0x1abc, 230},
	{0x1abd, 220},
	{0x1abf, 220},
	{0x1ac0, 220},
	{0x1ac1, 230},
	{0x1ac2, 230},
	{0x1ac3, 220},
	{0x1ac4, 220},
	{0x1ac5, 230},
	{0x1ac6, 230},
	{0x1ac7, 230},
	{0x1ac8, 230},
	{0x1ac9, 230},
	{0x1aca, 220},
	{0x1acb, 230},
	{0x1acc, 230},
	{0x1acd, 230},
	{0x1ace, 230},
	{0x1b34, 7},
	{0x1b44, 9},
	{0x1b6b, 230},
	{0x1b6c, 220},
	{0x1b6d, 230},
	{0x1b6e, 230},
	{0x1b6f, 230},
	{0x1b70, 230},
	{0x1b71, 230},
	{0x1b72, 230},
	{0x1b73, 230},
	{0x1baa, 9},
	{0x1bab, 9},
	{0x1be6, 7},
	{0x1bf2, 9},
	{0x1bf3, 9},
	{0x1c37, 7},
	{0x1cd0, 230},
	{0x1cd1, 230},
	{0x1cd2, 230},
	{0x1cd4, 1},
	{0x1cd5, 220},
	{0x1cd6, 220},
	{0x1cd7, 220},
	{0x1cd8, 220},
	{0x1cd9, 220},
	{0x1cda, 230},
	{0x1cdb, 230},
	{0x1cdc, 220},
	{0x1cdd, 220},
	{0x1cde, 220},
	{0x1cdf, 220},
	{0x1ce0, 230},
	{0x1ce2, 1},
	{0x1ce3, 1},
	{0x1ce4, 1},
	{0x1ce5, 1},
	{0x1ce6, 1},
	{0x1ce7, 1},
	{0x1ce8, 1},
	{0x1ced, 220},
	{0x1cf4, 230},
	{0x1cf8, 230},
	{0x1cf9, 230},
	{0x1dc0, 230},
	{0x1dc1, 230},
	{0x1dc2, 220},
	{0x1dc3, 230},
	{0x1dc4, 230},
	{0x1dc5, 230},
	{0x1dc6, 230},
	{0x1dc7, 230},
	{0x1dc8, 230},
	{0x1dc9, 230},
	{0x1dca, 220},
	{0x1dcb, 230},
	{0x1dcc, 230},
	{0x1dcd, 234},
	{0x1dce, 214},
	{0x1dcf, 220},
	{0x1dd0, 202},
	{0x1dd1, 230},
	{0x1dd2, 230},
	{0x1dd3, 230},
	{0x1dd4, 230},
	{0x1dd5, 230},
	{0x1dd6, 230},
	{0x1dd7, 230},
	{0x1dd8, 230},
	{0x1dd9, 230},
	{0x1dda, 230},
	{0x1ddb, 230},
	{0x1ddc, 230},
	{0x1ddd, 230},
	{0x1dde, 230},
	{0x1ddf, 230},
	{0x1de0, 230},
	{0x1de1, 230},
	{0x1de2, 230},
	{0x1de3, 230},
	{0x1de4, 230},
	{0x1de5, 230},
	{0x1de6, 230},
	{0x1de7, 230},
	{0x1de8, 230},
	{0x1de9, 230},
	{0x1dea, 230},
	{0x1deb, 230},
	{0x1dec, 230},
	{0x1ded, 230},
	{0x1dee, 230},
	{0x1def, 230},
	{0x1df0, 230},
	{0x1df1, 230},
	{0x1df2, 230},
	{0x1df3, 230},
	{0x1df4, 230},
	{0x1df5, 230},
	{0x1df6, 232},
	{0x1df7, 228},
	{0x1df8, 228},
	{0x1df9, 220},
	{0x1dfa, 218},
	{0x1dfb, 230},
	{0x1dfc, 233},
	{0x1dfd, 220},
	{0x1dfe, 230},
	{0x1dff, 220},
	{0x20d0, 230},
	{0x20d1, 230},
	{0x20d2, 1},
	{0x20d3, 1},
	{0x20d4, 230},
	{0x20d5, 230},
	{0x20d6, 230},
	{0x20d7, 230},
	{0x20d8, 1},
	{0x20d9, 1},
	{0x20da, 1},
	{0x20db, 230},
	{0x20dc, 230},
	{0x20e1, 230},
	{0x20e5, 1},
	{0x20e6, 1},
	{0x20e7, 230},
	{0x20e8, 220},
	{0x20e9, 230},
	{0x20ea, 1},
	{0x20eb, 1},
	{0x20ec, 220},
	{0x20ed, 220},
	{0x20ee, 220},
	{0x20ef, 220},
	{0x20f0, 230},
	{0x2cef, 230},
	{0x2cf0, 230},
	{0x2cf1, 230},
	{0x2d7f, 9},
	{0x2de0, 230},
	{0x2de1, 230},
	{0x2de2, 230},
	{0x2de3, 230},
	{0x2de4, 230},
	{0x2de5, 230},
	{0x2de6, 230},
	{0x2de7, 230},
	{0x2de8, 230},
	{0x2de9, 230},
	{0x2dea, 230},
	{0x2deb, 230},
	{0x2dec, 230},
	{0x2ded, 230},
	{0x2dee, 230},
	{0x2def, 230},
	{0x2df0, 230},
	{0x2df1, 230},
	{0x2df2, 230},
	{0x2df3, 230},
	{0x2df4, 230},
	{0x2df5, 230},
	{0x2df6, 230},
	{0x2df7, 230},
	{0x2df8, 230},
	{0x2df9, 230},
	{0x2dfa, 230},
	{0x2dfb, 230},
	{0x2dfc, 230},
	{0x2dfd, 230},
	{0x2dfe, 230},
	{0x2dff, 230},
	{0x302a, 218},
	{0x302b, 228},
	{0x302c, 232},
	{0x302d, 222},
	{0x302e, 224},
	{0x302f, 224},
	{0x3099, 8},
	{0x309a, 8},
	{0xa66f, 230},
	{0xa674, 230},
	{0xa675, 230},
	{0xa676, 230},
	{0xa677, 230},
	{0xa678, 230},
	{0xa679, 230},
	{0xa67a, 230},
	{0xa67b, 230},
	{0xa67c, 230},
	{0xa67d, 230},
	{0xa69e, 230},
	{0xa69f, 230},
	{0xa6f0, 230},
	{0xa6f1, 230},
	{0xa806, 9},
	{0xa82c, 9},
	{0xa8c4, 9},
	{0xa8e0, 230},
	{0xa8e1, 230},
	{0xa8e2, 230},
	{0xa8e3, 230},
	{0xa8e4, 230},
	{0xa8e5, 230},
	{0xa8e6, 230},
	{0xa8e7, 230},
	{0xa8e8, 230},
	{0xa8e9, 230},
	{0xa8ea, 230},
	{0xa8eb, 230},
	{0xa8ec, 230},
	{0xa8ed, 230},
	{0xa8ee, 230},
	{0xa8ef, 230},
	{0xa8f0, 230},
	{0xa8f1, 230},
	{0xa92b, 220},
	{0xa92c, 220},
	{0xa92d, 220},
	{0xa953, 9},
	{0xa9b3, 7},
	{0xa9c0, 9},
	{0xaab0, 230},
	{0xaab2, 230},
	{0xaab3, 230},
	{0xaab4, 220},
	{0xaab7, 230},
	{0xaab8, 230},
	{0xaabe, 230},
	{0xaabf, 230},
	{0xaac1, 230},
	{0xaaf6, 9},
	{0xabed, 9},
	{0xfb1e, 26},
	{0xfe20, 230},
	{0xfe21, 230},
	{0xfe22, 230},
	{0xfe23, 230},
	{0xfe24, 230},
	{0xfe25, 230},
	{0xfe26, 230},
	{0xfe27, 220},
	{0xfe28, 220},
	{0xfe29, 220},
	{0xfe2a, 220},
	{0xfe2b, 220},
	{0xfe2c, 220},
	{0xfe2d, 220},
	{0xfe2e, 230},
	{0xfe2f, 230},
	{0x101fd, 220},
	{0x102e0, 220},
	{0x10376, 230},
	{0x10377, 230},
	{0x10378, 230},
	{0x10379, 230},
	{0x1037a, 230},
	{0x10a0d, 220},
	{0x10a0f, 230},
	{0x10a38, 230},
	{0x10a39, 1},
	{0x10a3a, 220},
	{0x10a3f, 9},
	{0x10ae5, 230},
	{0x10ae6, 220},
	{0x10d24, 230},
	{0x10d25, 230},
	{0x10d26, 230},
	{0x10d27, 230},
	{0x10eab, 230},
	{0x10eac, 230},
	{0x10efd, 220},
	{0x10efe, 220},
	{0x10eff, 220},
	{0x10f46, 220},
	{0x10f47, 220},
	{0x10f48, 230},
	{0x10f49, 230},
	{0x10f4a, 230},
	{0x10f4b, 220},
	{0x10f4c, 230},
	{0x10f4d, 220},
	{0x10f4e, 220},
	{0x10f4f, 220},
	{0x10f50, 220},
	{0x10f82, 230},
	{0x10f83, 220},
	{0x10f84, 230},
	{0x10f85, 220},
	{0x11046, 9},
	{0x11070, 9},
	{0x1107f, 9},
	{0x110b9, 9},
	{0x110ba, 7},
	{0x11100, 230},
	{0x11101, 230},
	{0x11102, 230},
	{0x11133, 9},
	{0x11134, 9},
	{0x11173, 7},
	{0x111c0, 9},
	{0x111ca, 7},
	{0x11235, 9},
	{0x11236, 7},
	{0x112e9, 7},
	{0x112ea, 9},
	{0x1133b, 7},
	{0x1133c, 7},
	{0x1134d, 9},
	{0x11366, 230},
	{0x11367, 230},
	{0x11368, 230},
	{0x11369, 230},
	{0x1136a, 230},
	{0x1136b, 230},
	{0x1136c, 230},
	{0x11370, 230},
	{0x11371, 230},
	{0x11372, 230},
	{0x11373, 230},
	{0x11374, 230},
	{0x11442, 9},
	{0x11446, 7},
	{0x1145e, 230},
	{0x114c2, 9},
	{0x114c3, 7},
	{0x115bf, 9},
	{0x115c0, 7},
	{0x1163f, 9},
	{0x116b6, 9},
	{0x116b7, 7},
	{0x1172b, 9},
	{0x11839, 9},
	{0x1183a, 7},
	{0x1193d, 9},
	{0x1193e, 9},
	{0x11943, 7},
	{0x119e0, 9},
	{0x11a34, 9},
	{0x11a47, 9},
	{0x11a99, 9},
	{0x11c3f, 9},
	{0x11d42, 7},
	{0x11d44, 9},
	{0x11d45, 9},
	{0x11d97, 9},
	{0x11f41, 9},
	{0x11f42, 9},
	{0x16af0, 1},
	{0x16af1, 1},
	{0x16af2, 1},
	{0x16af3, 1},
	{0x16af4, 1},
	{0x16b30, 230},
	{0x16b31, 230},
	{0x16b32, 230},
	{0x16b33, 230},
	{0x16b34, 230},
	{0x16b35, 230},
	{0x16b36, 230},
	{0x16ff0, 6},
	{0x16ff1, 6},
	{0x1bc9e, 1},
	{0x1d165, 216},
	{0x1d166, 216},
	{0x1d167, 1},
	{0x1d168, 1},
	{0x1d169, 1},
	{0x1d16d, 226},
	{0x1d16e, 216},
	{0x1d16f, 216},
	{0x1d170, 216},
	{0x1d171, 216},
	{0x1d172, 216},
	{0x1d17b, 220},
	{0x1d17c, 220},
	{0x1d17d, 220},
	{0x1d17e, 220},
	{0x1d17f, 220},
	{0x1d180, 220},
	{0x1d181, 220},
	{0x1d182, 220},
	{0x1d185, 230},
	{0x1d186, 230},
	{0x1d187, 230},
	{0x1d188, 230},
	{0x1d189, 230},
	{0x1d18a, 220},
	{0x1d18b, 220},
	{0x1d1aa, 230},
	{0x1d1ab, 230},
	{0x1d1ac, 230},
	{0x1d1ad, 230},
	{0x1d242, 230},
	{0x1d243, 230},
	{0x1d244, 230},
	{0x1e000, 230},
	{0x1e001, 230},
	{0x1e002, 230},
	{0x1e003, 230},
	{0x1e004, 230},
	{0x1e005, 230},
	{0x1e006, 230},
	{0x1e008, 230},
	{0x1e009, 230},
	{0x1e00a, 230},
	{0x1e00b, 230},
	{0x1e00c, 230},
	{0x1e00d, 230},
	{0x1e00e, 230},
	{0x1e00f, 230},
	{0x1e010, 230},
	{0x1e011, 230},
	{0x1e012, 230},
	{0x1e013, 230},
	{0x1e014, 230},
	{0x1e015, 230},
	{0x1e016, 230},
	{0x1e017, 230},
	{0x1e018, 230},
	{0x1e01b, 230},
	{0x1e01c, 230},
	{0x1e01d, 230},
	{0x1e01e, 230},
	{0x1e01f, 230},
	{0x1e020, 230},
	{0x1e021, 230},
	{0x1e023, 230},
	{0x1e024, 230},
	{0x1e026, 230},
	{0x1e027, 230},
	{0x1e028, 230},
	{0x1e029, 230},
	{0x1e02a, 230},
	{0x1e08f, 230},
	{0x1e130, 230},
	{0x1e131, 230},
	{0x1e132, 230},
	{0x1e133, 230},
	{0x1e134, 230},
	{0x1e135, 230},
	{0x1e136, 230},
	{0x1e2ae, 230},
	{0x1e2ec, 230},
	{0x1e2ed, 230},
	{0x1e2ee, 230},
	{0x1e2ef, 230},
	{0x1e4ec, 232},
	{0x1e4ed, 232},
	{0x1e4ee, 220},
	{0x1e4ef, 230},
	{0x1e8d0, 220},
	{0x1e8d1, 220},
	{0x1e8d2, 220},
	{0x1e8d3, 220},
	{0x1e8d4, 220},
	{0x1e8d5, 220},
	{0x1e8d6, 220},
	{0x1e944, 230},
	{0x1e945, 230},
	{0x1e946, 230},
	{0x1e947, 230},
	{0x1e948, 230},
	{0x1e949, 230},
	{0x1e94a, 7},
}
